x_m,y_m,z_m,T_degC
0.00000000,0.00000000,0.00000000,100.00000000
0.00000000,0.00000000,0.02500000,100.00000000
0.00000000,0.00000000,0.05000000,100.00000000
0.00000000,0.00000000,0.07500000,100.00000000
0.00000000,0.00000000,0.10000000,100.00000000
0.00000000,0.00000000,0.12500000,100.00000000
0.00000000,0.00000000,0.15000000,100.00000000
0.00000000,0.00000000,0.17500000,100.00000000
0.00000000,0.00000000,0.20000000,100.00000000
0.00000000,0.00000000,0.22500000,100.00000000
0.00000000,0.00000000,0.25000000,100.00000000
0.00000000,0.00000000,0.27500000,100.00000000
0.00000000,0.00000000,0.30000000,100.00000000
0.00000000,0.02500000,0.00000000,100.00000000
0.00000000,0.02500000,0.02500000,100.00000000
0.00000000,0.02500000,0.05000000,100.00000000
0.00000000,0.02500000,0.07500000,100.00000000
0.00000000,0.02500000,0.10000000,100.00000000
0.00000000,0.02500000,0.12500000,100.00000000
0.00000000,0.02500000,0.15000000,100.00000000
0.00000000,0.02500000,0.17500000,100.00000000
0.00000000,0.02500000,0.20000000,100.00000000
0.00000000,0.02500000,0.22500000,100.00000000
0.00000000,0.02500000,0.25000000,100.00000000
0.00000000,0.02500000,0.27500000,100.00000000
0.00000000,0.02500000,0.30000000,100.00000000
0.00000000,0.05000000,0.00000000,100.00000000
0.00000000,0.05000000,0.02500000,100.00000000
0.00000000,0.05000000,0.05000000,100.00000000
0.00000000,0.05000000,0.07500000,100.00000000
0.00000000,0.05000000,0.10000000,100.00000000
0.00000000,0.05000000,0.12500000,100.00000000
0.00000000,0.05000000,0.15000000,100.00000000
0.00000000,0.05000000,0.17500000,100.00000000
0.00000000,0.05000000,0.20000000,100.00000000
0.00000000,0.05000000,0.22500000,100.00000000
0.00000000,0.05000000,0.25000000,100.00000000
0.00000000,0.05000000,0.27500000,100.00000000
0.00000000,0.05000000,0.30000000,100.00000000
0.00000000,0.07500000,0.00000000,100.00000000
0.00000000,0.07500000,0.02500000,100.00000000
0.00000000,0.07500000,0.05000000,100.00000000
0.00000000,0.07500000,0.07500000,100.00000000
0.00000000,0.07500000,0.10000000,100.00000000
0.00000000,0.07500000,0.12500000,100.00000000
0.00000000,0.07500000,0.15000000,100.00000000
0.00000000,0.07500000,0.17500000,100.00000000
0.00000000,0.07500000,0.20000000,100.00000000
0.00000000,0.07500000,0.22500000,100.00000000
0.00000000,0.07500000,0.25000000,100.00000000
0.00000000,0.07500000,0.27500000,100.00000000
0.00000000,0.07500000,0.30000000,100.00000000
0.00000000,0.10000000,0.00000000,100.00000000
0.00000000,0.10000000,0.02500000,100.00000000
0.00000000,0.10000000,0.05000000,100.00000000
0.00000000,0.10000000,0.07500000,100.00000000
0.00000000,0.10000000,0.10000000,100.00000000
0.00000000,0.10000000,0.12500000,100.00000000
0.00000000,0.10000000,0.15000000,100.00000000
0.00000000,0.10000000,0.17500000,100.00000000
0.00000000,0.10000000,0.20000000,100.00000000
0.00000000,0.10000000,0.22500000,100.00000000
0.00000000,0.10000000,0.25000000,100.00000000
0.00000000,0.10000000,0.27500000,100.00000000
0.00000000,0.10000000,0.30000000,100.00000000
0.00000000,0.12500000,0.00000000,100.00000000
0.00000000,0.12500000,0.02500000,100.00000000
0.00000000,0.12500000,0.05000000,100.00000000
0.00000000,0.12500000,0.07500000,100.00000000
0.00000000,0.12500000,0.10000000,100.00000000
0.00000000,0.12500000,0.12500000,100.00000000
0.00000000,0.12500000,0.15000000,100.00000000
0.00000000,0.12500000,0.17500000,100.00000000
0.00000000,0.12500000,0.20000000,100.00000000
0.00000000,0.12500000,0.22500000,100.00000000
0.00000000,0.12500000,0.25000000,100.00000000
0.00000000,0.12500000,0.27500000,100.00000000
0.00000000,0.12500000,0.30000000,100.00000000
0.00000000,0.15000000,0.00000000,100.00000000
0.00000000,0.15000000,0.02500000,100.00000000
0.00000000,0.15000000,0.05000000,100.00000000
0.00000000,0.15000000,0.07500000,100.00000000
0.00000000,0.15000000,0.10000000,100.00000000
0.00000000,0.15000000,0.12500000,100.00000000
0.00000000,0.15000000,0.15000000,100.00000000
0.00000000,0.15000000,0.17500000,100.00000000
0.00000000,0.15000000,0.20000000,100.00000000
0.00000000,0.15000000,0.22500000,100.00000000
0.00000000,0.15000000,0.25000000,100.00000000
0.00000000,0.15000000,0.27500000,100.00000000
0.00000000,0.15000000,0.30000000,100.00000000
0.00000000,0.17500000,0.00000000,100.00000000
0.00000000,0.17500000,0.02500000,100.00000000
0.00000000,0.17500000,0.05000000,100.00000000
0.00000000,0.17500000,0.07500000,100.00000000
0.00000000,0.17500000,0.10000000,100.00000000
0.00000000,0.17500000,0.12500000,100.00000000
0.00000000,0.17500000,0.15000000,100.00000000
0.00000000,0.17500000,0.17500000,100.00000000
0.00000000,0.17500000,0.20000000,100.00000000
0.00000000,0.17500000,0.22500000,100.00000000
0.00000000,0.17500000,0.25000000,100.00000000
0.00000000,0.17500000,0.27500000,100.00000000
0.00000000,0.17500000,0.30000000,100.00000000
0.00000000,0.20000000,0.00000000,100.00000000
0.00000000,0.20000000,0.02500000,100.00000000
0.00000000,0.20000000,0.05000000,100.00000000
0.00000000,0.20000000,0.07500000,100.00000000
0.00000000,0.20000000,0.10000000,100.00000000
0.00000000,0.20000000,0.12500000,100.00000000
0.00000000,0.20000000,0.15000000,100.00000000
0.00000000,0.20000000,0.17500000,100.00000000
0.00000000,0.20000000,0.20000000,100.00000000
0.00000000,0.20000000,0.22500000,100.00000000
0.00000000,0.20000000,0.25000000,100.00000000
0.00000000,0.20000000,0.27500000,100.00000000
0.00000000,0.20000000,0.30000000,100.00000000
0.00000000,0.22500000,0.00000000,100.00000000
0.00000000,0.22500000,0.02500000,100.00000000
0.00000000,0.22500000,0.05000000,100.00000000
0.00000000,0.22500000,0.07500000,100.00000000
0.00000000,0.22500000,0.10000000,100.00000000
0.00000000,0.22500000,0.12500000,100.00000000
0.00000000,0.22500000,0.15000000,100.00000000
0.00000000,0.22500000,0.17500000,100.00000000
0.00000000,0.22500000,0.20000000,100.00000000
0.00000000,0.22500000,0.22500000,100.00000000
0.00000000,0.22500000,0.25000000,100.00000000
0.00000000,0.22500000,0.27500000,100.00000000
0.00000000,0.22500000,0.30000000,100.00000000
0.00000000,0.25000000,0.00000000,100.00000000
0.00000000,0.25000000,0.02500000,100.00000000
0.00000000,0.25000000,0.05000000,100.00000000
0.00000000,0.25000000,0.07500000,100.00000000
0.00000000,0.25000000,0.10000000,100.00000000
0.00000000,0.25000000,0.12500000,100.00000000
0.00000000,0.25000000,0.15000000,100.00000000
0.00000000,0.25000000,0.17500000,100.00000000
0.00000000,0.25000000,0.20000000,100.00000000
0.00000000,0.25000000,0.22500000,100.00000000
0.00000000,0.25000000,0.25000000,100.00000000
0.00000000,0.25000000,0.27500000,100.00000000
0.00000000,0.25000000,0.30000000,100.00000000
0.00000000,0.27500000,0.00000000,100.00000000
0.00000000,0.27500000,0.02500000,100.00000000
0.00000000,0.27500000,0.05000000,100.00000000
0.00000000,0.27500000,0.07500000,100.00000000
0.00000000,0.27500000,0.10000000,100.00000000
0.00000000,0.27500000,0.12500000,100.00000000
0.00000000,0.27500000,0.15000000,100.00000000
0.00000000,0.27500000,0.17500000,100.00000000
0.00000000,0.27500000,0.20000000,100.00000000
0.00000000,0.27500000,0.22500000,100.00000000
0.00000000,0.27500000,0.25000000,100.00000000
0.00000000,0.27500000,0.27500000,100.00000000
0.00000000,0.27500000,0.30000000,100.00000000
0.00000000,0.30000000,0.00000000,100.00000000
0.00000000,0.30000000,0.02500000,100.00000000
0.00000000,0.30000000,0.05000000,100.00000000
0.00000000,0.30000000,0.07500000,100.00000000
0.00000000,0.30000000,0.10000000,100.00000000
0.00000000,0.30000000,0.12500000,100.00000000
0.00000000,0.30000000,0.15000000,100.00000000
0.00000000,0.30000000,0.17500000,100.00000000
0.00000000,0.30000000,0.20000000,100.00000000
0.00000000,0.30000000,0.22500000,100.00000000
0.00000000,0.30000000,0.25000000,100.00000000
0.00000000,0.30000000,0.27500000,100.00000000
0.00000000,0.30000000,0.30000000,100.00000000
0.00775000,0.00000000,0.00000000,118.75179016
0.00775000,0.00000000,0.02500000,118.77363928
0.00775000,0.00000000,0.05000000,118.83965805
0.00775000,0.00000000,0.07500000,118.94386723
0.00775000,0.00000000,0.10000000,119.06121018
0.00775000,0.00000000,0.12500000,119.15174320
0.00775000,0.00000000,0.15000000,119.18524637
0.00775000,0.00000000,0.17500000,119.15174320
0.00775000,0.00000000,0.20000000,119.06121018
0.00775000,0.00000000,0.22500000,118.94386723
0.00775000,0.00000000,0.25000000,118.83965805
0.00775000,0.00000000,0.27500000,118.77363928
0.00775000,0.00000000,0.30000000,118.75179016
0.00775000,0.02500000,0.00000000,118.77363928
0.00775000,0.02500000,0.02500000,118.80425252
0.00775000,0.02500000,0.05000000,118.89707436
0.00775000,0.02500000,0.07500000,119.04433059
0.00775000,0.02500000,0.10000000,119.21072680
0.00775000,0.02500000,0.12500000,119.33895976
0.00775000,0.02500000,0.15000000,119.38631988
0.00775000,0.02500000,0.17500000,119.33895976
0.00775000,0.02500000,0.20000000,119.21072680
0.00775000,0.02500000,0.22500000,119.04433059
0.00775000,0.02500000,0.25000000,118.89707436
0.00775000,0.02500000,0.27500000,118.80425252
0.00775000,0.02500000,0.30000000,118.77363928
0.00775000,0.05000000,0.00000000,118.83965805
0.00775000,0.05000000,0.02500000,118.89707436
0.00775000,0.05000000,0.05000000,119.07217107
0.00775000,0.05000000,0.07500000,119.35228125
0.00775000,0.05000000,0.10000000,119.67065162
0.00775000,0.05000000,0.12500000,119.91551193
0.00775000,0.05000000,0.15000000,120.00564208
0.00775000,0.05000000,0.17500000,119.91551193
0.00775000,0.05000000,0.20000000,119.67065162
0.00775000,0.05000000,0.22500000,119.35228125
0.00775000,0.05000000,0.25000000,119.07217107
0.00775000,0.05000000,0.27500000,118.89707436
0.00775000,0.05000000,0.30000000,118.83965805
0.00775000,0.07500000,0.00000000,118.94386723
0.00775000,0.07500000,0.02500000,119.04433059
0.00775000,0.07500000,0.05000000,119.35228125
0.00775000,0.07500000,0.07500000,119.84863009
0.00775000,0.07500000,0.10000000,120.41577749
0.00775000,0.07500000,0.12500000,120.85110444
0.00775000,0.07500000,0.15000000,121.01084312
0.00775000,0.07500000,0.17500000,120.85110444
0.00775000,0.07500000,0.20000000,120.41577749
0.00775000,0.07500000,0.22500000,119.84863009
0.00775000,0.07500000,0.25000000,119.35228125
0.00775000,0.07500000,0.27500000,119.04433059
0.00775000,0.07500000,0.30000000,118.94386723
0.00775000,0.10000000,0.00000000,119.06121018
0.00775000,0.10000000,0.02500000,119.21072680
0.00775000,0.10000000,0.05000000,119.67065162
0.00775000,0.10000000,0.07500000,120.41577749
0.00775000,0.10000000,0.10000000,121.27033715
0.00775000,0.10000000,0.12500000,121.92529893
0.00775000,0.10000000,0.15000000,122.16509963
0.00775000,0.10000000,0.17500000,121.92529893
0.00775000,0.10000000,0.20000000,121.27033715
0.00775000,0.10000000,0.22500000,120.41577749
0.00775000,0.10000000,0.25000000,119.67065162
0.00775000,0.10000000,0.27500000,119.21072680
0.00775000,0.10000000,0.30000000,119.06121018
0.00775000,0.12500000,0.00000000,119.15174320
0.00775000,0.12500000,0.02500000,119.33895976
0.00775000,0.12500000,0.05000000,119.91551193
0.00775000,0.12500000,0.07500000,120.85110444
0.00775000,0.12500000,0.10000000,121.92529893
0.00775000,0.12500000,0.12500000,122.74827285
0.00775000,0.12500000,0.15000000,123.04939242
0.00775000,0.12500000,0.17500000,122.74827285
0.00775000,0.12500000,0.20000000,121.92529893
0.00775000,0.12500000,0.22500000,120.85110444
0.00775000,0.12500000,0.25000000,119.91551193
0.00775000,0.12500000,0.27500000,119.33895976
0.00775000,0.12500000,0.30000000,119.15174320
0.00775000,0.15000000,0.00000000,119.18524637
0.00775000,0.15000000,0.02500000,119.38631988
0.00775000,0.15000000,0.05000000,120.00564208
0.00775000,0.15000000,0.07500000,121.01084312
0.00775000,0.15000000,0.10000000,122.16509963
0.00775000,0.15000000,0.12500000,123.04939242
0.00775000,0.15000000,0.15000000,123.37292749
0.00775000,0.15000000,0.17500000,123.04939242
0.00775000,0.15000000,0.20000000,122.16509963
0.00775000,0.15000000,0.22500000,121.01084312
0.00775000,0.15000000,0.25000000,120.00564208
0.00775000,0.15000000,0.27500000,119.38631988
0.00775000,0.15000000,0.30000000,119.18524637
0.00775000,0.17500000,0.00000000,119.15174320
0.00775000,0.17500000,0.02500000,119.33895976
0.00775000,0.17500000,0.05000000,119.91551193
0.00775000,0.17500000,0.07500000,120.85110444
0.00775000,0.17500000,0.10000000,121.92529893
0.00775000,0.17500000,0.12500000,122.74827285
0.00775000,0.17500000,0.15000000,123.04939242
0.00775000,0.17500000,0.17500000,122.74827285
0.00775000,0.17500000,0.20000000,121.92529893
0.00775000,0.17500000,0.22500000,120.85110444
0.00775000,0.17500000,0.25000000,119.91551193
0.00775000,0.17500000,0.27500000,119.33895976
0.00775000,0.17500000,0.30000000,119.15174320
0.00775000,0.20000000,0.00000000,119.06121018
0.00775000,0.20000000,0.02500000,119.21072680
0.00775000,0.20000000,0.05000000,119.67065162
0.00775000,0.20000000,0.07500000,120.41577749
0.00775000,0.20000000,0.10000000,121.27033715
0.00775000,0.20000000,0.12500000,121.92529893
0.00775000,0.20000000,0.15000000,122.16509963
0.00775000,0.20000000,0.17500000,121.92529893
0.00775000,0.20000000,0.20000000,121.27033715
0.00775000,0.20000000,0.22500000,120.41577749
0.00775000,0.20000000,0.25000000,119.67065162
0.00775000,0.20000000,0.27500000,119.21072680
0.00775000,0.20000000,0.30000000,119.06121018
0.00775000,0.22500000,0.00000000,118.94386723
0.00775000,0.22500000,0.02500000,119.04433059
0.00775000,0.22500000,0.05000000,119.35228125
0.00775000,0.22500000,0.07500000,119.84863009
0.00775000,0.22500000,0.10000000,120.41577749
0.00775000,0.22500000,0.12500000,120.85110444
0.00775000,0.22500000,0.15000000,121.01084312
0.00775000,0.22500000,0.17500000,120.85110444
0.00775000,0.22500000,0.20000000,120.41577749
0.00775000,0.22500000,0.22500000,119.84863009
0.00775000,0.22500000,0.25000000,119.35228125
0.00775000,0.22500000,0.27500000,119.04433059
0.00775000,0.22500000,0.30000000,118.94386723
0.00775000,0.25000000,0.00000000,118.83965805
0.00775000,0.25000000,0.02500000,118.89707436
0.00775000,0.25000000,0.05000000,119.07217107
0.00775000,0.25000000,0.07500000,119.35228125
0.00775000,0.25000000,0.10000000,119.67065162
0.00775000,0.25000000,0.12500000,119.91551193
0.00775000,0.25000000,0.15000000,120.00564208
0.00775000,0.25000000,0.17500000,119.91551193
0.00775000,0.25000000,0.20000000,119.67065162
0.00775000,0.25000000,0.22500000,119.35228125
0.00775000,0.25000000,0.25000000,119.07217107
0.00775000,0.25000000,0.27500000,118.89707436
0.00775000,0.25000000,0.30000000,118.83965805
0.00775000,0.27500000,0.00000000,118.77363928
0.00775000,0.27500000,0.02500000,118.80425252
0.00775000,0.27500000,0.05000000,118.89707436
0.00775000,0.27500000,0.07500000,119.04433059
0.00775000,0.27500000,0.10000000,119.21072680
0.00775000,0.27500000,0.12500000,119.33895976
0.00775000,0.27500000,0.15000000,119.38631988
0.00775000,0.27500000,0.17500000,119.33895976
0.00775000,0.27500000,0.20000000,119.21072680
0.00775000,0.27500000,0.22500000,119.04433059
0.00775000,0.27500000,0.25000000,118.89707436
0.00775000,0.27500000,0.27500000,118.80425252
0.00775000,0.27500000,0.30000000,118.77363928
0.00775000,0.30000000,0.00000000,118.75179016
0.00775000,0.30000000,0.02500000,118.77363928
0.00775000,0.30000000,0.05000000,118.83965805
0.00775000,0.30000000,0.07500000,118.94386723
0.00775000,0.30000000,0.10000000,119.06121018
0.00775000,0.30000000,0.12500000,119.15174320
0.00775000,0.30000000,0.15000000,119.18524637
0.00775000,0.30000000,0.17500000,119.15174320
0.00775000,0.30000000,0.20000000,119.06121018
0.00775000,0.30000000,0.22500000,118.94386723
0.00775000,0.30000000,0.25000000,118.83965805
0.00775000,0.30000000,0.27500000,118.77363928
0.00775000,0.30000000,0.30000000,118.75179016
0.01550000,0.00000000,0.00000000,137.03686932
0.01550000,0.00000000,0.02500000,137.08232876
0.01550000,0.00000000,0.05000000,137.21983684
0.01550000,0.00000000,0.07500000,137.43723479
0.01550000,0.00000000,0.10000000,137.68230540
0.01550000,0.00000000,0.12500000,137.87131279
0.01550000,0.00000000,0.15000000,137.94121332
0.01550000,0.00000000,0.17500000,137.87131279
0.01550000,0.00000000,0.20000000,137.68230540
0.01550000,0.00000000,0.22500000,137.43723479
0.01550000,0.00000000,0.25000000,137.21983684
0.01550000,0.00000000,0.27500000,137.08232876
0.01550000,0.00000000,0.30000000,137.03686932
0.01550000,0.02500000,0.00000000,137.08232876
0.01550000,0.02500000,0.02500000,137.14614505
0.01550000,0.02500000,0.05000000,137.33991026
0.01550000,0.02500000,0.07500000,137.64793711
0.01550000,0.02500000,0.10000000,137.99650912
0.01550000,0.02500000,0.12500000,138.26499374
0.01550000,0.02500000,0.15000000,138.36406866
0.01550000,0.02500000,0.17500000,138.26499374
0.01550000,0.02500000,0.20000000,137.99650912
0.01550000,0.02500000,0.22500000,137.64793711
0.01550000,0.02500000,0.25000000,137.33991026
0.01550000,0.02500000,0.27500000,137.14614505
0.01550000,0.02500000,0.30000000,137.08232876
0.01550000,0.05000000,0.00000000,137.21983684
0.01550000,0.05000000,0.02500000,137.33991026
0.01550000,0.05000000,0.05000000,137.70678573
0.01550000,0.05000000,0.07500000,138.29536097
0.01550000,0.05000000,0.10000000,138.96570728
0.01550000,0.05000000,0.12500000,139.48085054
0.01550000,0.05000000,0.15000000,139.67023622
0.01550000,0.05000000,0.17500000,139.48085054
0.01550000,0.05000000,0.20000000,138.96570728
0.01550000,0.05000000,0.22500000,138.29536097
0.01550000,0.05000000,0.25000000,137.70678573
0.01550000,0.05000000,0.27500000,137.33991026
0.01550000,0.05000000,0.30000000,137.21983684
0.01550000,0.07500000,0.00000000,137.43723479
0.01550000,0.07500000,0.02500000,137.64793711
0.01550000,0.07500000,0.05000000,138.29536097
0.01550000,0.07500000,0.07500000,139.34264040
0.01550000,0.07500000,0.10000000,140.54248961
0.01550000,0.07500000,0.12500000,141.46239909
0.01550000,0.07500000,0.15000000,141.79940420
0.01550000,0.07500000,0.17500000,141.46239909
0.01550000,0.07500000,0.20000000,140.54248961
0.01550000,0.07500000,0.22500000,139.34264040
0.01550000,0.07500000,0.25000000,138.29536097
0.01550000,0.07500000,0.27500000,137.64793711
0.01550000,0.07500000,0.30000000,137.43723479
0.01550000,0.10000000,0.00000000,137.68230540
0.01550000,0.10000000,0.02500000,137.99650912
0.01550000,0.10000000,0.05000000,138.96570728
0.01550000,0.10000000,0.07500000,140.54248961
0.01550000,0.10000000,0.10000000,142.35649680
0.01550000,0.10000000,0.12500000,143.74482808
0.01550000,0.10000000,0.15000000,144.25216034
0.01550000,0.10000000,0.17500000,143.74482808
0.01550000,0.10000000,0.20000000,142.35649680
0.01550000,0.10000000,0.22500000,140.54248961
0.01550000,0.10000000,0.25000000,138.96570728
0.01550000,0.10000000,0.27500000,137.99650912
0.01550000,0.10000000,0.30000000,137.68230540
0.01550000,0.12500000,0.00000000,137.87131279
0.01550000,0.12500000,0.02500000,138.26499374
0.01550000,0.12500000,0.05000000,139.48085054
0.01550000,0.12500000,0.07500000,141.46239909
0.01550000,0.12500000,0.10000000,143.74482808
0.01550000,0.12500000,0.12500000,145.49088558
0.01550000,0.12500000,0.15000000,146.12848587
0.01550000,0.12500000,0.17500000,145.49088558
0.01550000,0.12500000,0.20000000,143.74482808
0.01550000,0.12500000,0.22500000,141.46239909
0.01550000,0.12500000,0.25000000,139.48085054
0.01550000,0.12500000,0.27500000,138.26499374
0.01550000,0.12500000,0.30000000,137.87131279
0.01550000,0.15000000,0.00000000,137.94121332
0.01550000,0.15000000,0.02500000,138.36406866
0.01550000,0.15000000,0.05000000,139.67023622
0.01550000,0.15000000,0.07500000,141.79940420
0.01550000,0.15000000,0.10000000,144.25216034
0.01550000,0.15000000,0.12500000,146.12848587
0.01550000,0.15000000,0.15000000,146.81361355
0.01550000,0.15000000,0.17500000,146.12848587
0.01550000,0.15000000,0.20000000,144.25216034
0.01550000,0.15000000,0.22500000,141.79940420
0.01550000,0.15000000,0.25000000,139.67023622
0.01550000,0.15000000,0.27500000,138.36406866
0.01550000,0.15000000,0.30000000,137.94121332
0.01550000,0.17500000,0.00000000,137.87131279
0.01550000,0.17500000,0.02500000,138.26499374
0.01550000,0.17500000,0.05000000,139.48085054
0.01550000,0.17500000,0.07500000,141.46239909
0.01550000,0.17500000,0.10000000,143.74482808
0.01550000,0.17500000,0.12500000,145.49088558
0.01550000,0.17500000,0.15000000,146.12848587
0.01550000,0.17500000,0.17500000,145.49088558
0.01550000,0.17500000,0.20000000,143.74482808
0.01550000,0.17500000,0.22500000,141.46239909
0.01550000,0.17500000,0.25000000,139.48085054
0.01550000,0.17500000,0.27500000,138.26499374
0.01550000,0.17500000,0.30000000,137.87131279
0.01550000,0.20000000,0.00000000,137.68230540
0.01550000,0.20000000,0.02500000,137.99650912
0.01550000,0.20000000,0.05000000,138.96570728
0.01550000,0.20000000,0.07500000,140.54248961
0.01550000,0.20000000,0.10000000,142.35649680
0.01550000,0.20000000,0.12500000,143.74482808
0.01550000,0.20000000,0.15000000,144.25216034
0.01550000,0.20000000,0.17500000,143.74482808
0.01550000,0.20000000,0.20000000,142.35649680
0.01550000,0.20000000,0.22500000,140.54248961
0.01550000,0.20000000,0.25000000,138.96570728
0.01550000,0.20000000,0.27500000,137.99650912
0.01550000,0.20000000,0.30000000,137.68230540
0.01550000,0.22500000,0.00000000,137.43723479
0.01550000,0.22500000,0.02500000,137.64793711
0.01550000,0.22500000,0.05000000,138.29536097
0.01550000,0.22500000,0.07500000,139.34264040
0.01550000,0.22500000,0.10000000,140.54248961
0.01550000,0.22500000,0.12500000,141.46239909
0.01550000,0.22500000,0.15000000,141.79940420
0.01550000,0.22500000,0.17500000,141.46239909
0.01550000,0.22500000,0.20000000,140.54248961
0.01550000,0.22500000,0.22500000,139.34264040
0.01550000,0.22500000,0.25000000,138.29536097
0.01550000,0.22500000,0.27500000,137.64793711
0.01550000,0.22500000,0.30000000,137.43723479
0.01550000,0.25000000,0.00000000,137.21983684
0.01550000,0.25000000,0.02500000,137.33991026
0.01550000,0.25000000,0.05000000,137.70678573
0.01550000,0.25000000,0.07500000,138.29536097
0.01550000,0.25000000,0.10000000,138.96570728
0.01550000,0.25000000,0.12500000,139.48085054
0.01550000,0.25000000,0.15000000,139.67023622
0.01550000,0.25000000,0.17500000,139.48085054
0.01550000,0.25000000,0.20000000,138.96570728
0.01550000,0.25000000,0.22500000,138.29536097
0.01550000,0.25000000,0.25000000,137.70678573
0.01550000,0.25000000,0.27500000,137.33991026
0.01550000,0.25000000,0.30000000,137.21983684
0.01550000,0.27500000,0.00000000,137.08232876
0.01550000,0.27500000,0.02500000,137.14614505
0.01550000,0.27500000,0.05000000,137.33991026
0.01550000,0.27500000,0.07500000,137.64793711
0.01550000,0.27500000,0.10000000,137.99650912
0.01550000,0.27500000,0.12500000,138.26499374
0.01550000,0.27500000,0.15000000,138.36406866
0.01550000,0.27500000,0.17500000,138.26499374
0.01550000,0.27500000,0.20000000,137.99650912
0.01550000,0.27500000,0.22500000,137.64793711
0.01550000,0.27500000,0.25000000,137.33991026
0.01550000,0.27500000,0.27500000,137.14614505
0.01550000,0.27500000,0.30000000,137.08232876
0.01550000,0.30000000,0.00000000,137.03686932
0.01550000,0.30000000,0.02500000,137.08232876
0.01550000,0.30000000,0.05000000,137.21983684
0.01550000,0.30000000,0.07500000,137.43723479
0.01550000,0.30000000,0.10000000,137.68230540
0.01550000,0.30000000,0.12500000,137.87131279
0.01550000,0.30000000,0.15000000,137.94121332
0.01550000,0.30000000,0.17500000,137.87131279
0.01550000,0.30000000,0.20000000,137.68230540
0.01550000,0.30000000,0.22500000,137.43723479
0.01550000,0.30000000,0.25000000,137.21983684
0.01550000,0.30000000,0.27500000,137.08232876
0.01550000,0.30000000,0.30000000,137.03686932
0.02325000,0.00000000,0.00000000,154.40214640
0.02325000,0.00000000,0.02500000,154.47465988
0.02325000,0.00000000,0.05000000,154.69438867
0.02325000,0.00000000,0.07500000,155.04267364
0.02325000,0.00000000,0.10000000,155.43600881
0.02325000,0.00000000,0.12500000,155.73917231
0.02325000,0.00000000,0.15000000,155.85117346
0.02325000,0.00000000,0.17500000,155.73917231
0.02325000,0.00000000,0.20000000,155.43600881
0.02325000,0.00000000,0.22500000,155.04267364
0.02325000,0.00000000,0.25000000,154.69438867
0.02325000,0.00000000,0.27500000,154.47465988
0.02325000,0.00000000,0.30000000,154.40214640
0.02325000,0.02500000,0.00000000,154.47465988
0.02325000,0.02500000,0.02500000,154.57677111
0.02325000,0.02500000,0.05000000,154.88751321
0.02325000,0.02500000,0.07500000,155.38315149
0.02325000,0.02500000,0.10000000,155.94537635
0.02325000,0.02500000,0.12500000,156.37803685
0.02325000,0.02500000,0.15000000,156.53747087
0.02325000,0.02500000,0.17500000,156.37803685
0.02325000,0.02500000,0.20000000,155.94537635
0.02325000,0.02500000,0.22500000,155.38315149
0.02325000,0.02500000,0.25000000,154.88751321
0.02325000,0.02500000,0.27500000,154.57677111
0.02325000,0.02500000,0.30000000,154.47465988
0.02325000,0.05000000,0.00000000,154.69438867
0.02325000,0.05000000,0.02500000,154.88751321
0.02325000,0.05000000,0.05000000,155.47943356
0.02325000,0.05000000,0.07500000,156.43347303
0.02325000,0.05000000,0.10000000,157.52375400
0.02325000,0.05000000,0.12500000,158.36042503
0.02325000,0.05000000,0.15000000,158.66738833
0.02325000,0.05000000,0.17500000,158.36042503
0.02325000,0.05000000,0.20000000,157.52375400
0.02325000,0.05000000,0.22500000,156.43347303
0.02325000,0.05000000,0.25000000,155.47943356
0.02325000,0.05000000,0.27500000,154.88751321
0.02325000,0.05000000,0.30000000,154.69438867
0.02325000,0.07500000,0.00000000,155.04267364
0.02325000,0.07500000,0.02500000,155.38315149
0.02325000,0.07500000,0.05000000,156.43347303
0.02325000,0.07500000,0.07500000,158.14260776
0.02325000,0.07500000,0.10000000,160.10939826
0.02325000,0.07500000,0.12500000,161.61430461
0.02325000,0.07500000,0.15000000,162.16412667
0.02325000,0.07500000,0.17500000,161.61430461
0.02325000,0.07500000,0.20000000,160.10939826
0.02325000,0.07500000,0.22500000,158.14260776
0.02325000,0.07500000,0.25000000,156.43347303
0.02325000,0.07500000,0.27500000,155.38315149
0.02325000,0.07500000,0.30000000,155.04267364
0.02325000,0.10000000,0.00000000,155.43600881
0.02325000,0.10000000,0.02500000,155.94537635
0.02325000,0.10000000,0.05000000,157.52375400
0.02325000,0.10000000,0.07500000,160.10939826
0.02325000,0.10000000,0.10000000,163.09956504
0.02325000,0.10000000,0.12500000,165.38238190
0.02325000,0.10000000,0.15000000,166.21388531
0.02325000,0.10000000,0.17500000,165.38238190
0.02325000,0.10000000,0.20000000,163.09956504
0.02325000,0.10000000,0.22500000,160.10939826
0.02325000,0.10000000,0.25000000,157.52375400
0.02325000,0.10000000,0.27500000,155.94537635
0.02325000,0.10000000,0.30000000,155.43600881
0.02325000,0.12500000,0.00000000,155.73917231
0.02325000,0.12500000,0.02500000,156.37803685
0.02325000,0.12500000,0.05000000,158.36042503
0.02325000,0.12500000,0.07500000,161.61430461
0.02325000,0.12500000,0.10000000,165.38238190
0.02325000,0.12500000,0.12500000,168.25756566
0.02325000,0.12500000,0.15000000,169.30398148
0.02325000,0.12500000,0.17500000,168.25756566
0.02325000,0.12500000,0.20000000,165.38238190
0.02325000,0.12500000,0.22500000,161.61430461
0.02325000,0.12500000,0.25000000,158.36042503
0.02325000,0.12500000,0.27500000,156.37803685
0.02325000,0.12500000,0.30000000,155.73917231
0.02325000,0.15000000,0.00000000,155.85117346
0.02325000,0.15000000,0.02500000,156.53747087
0.02325000,0.15000000,0.05000000,158.66738833
0.02325000,0.15000000,0.07500000,162.16412667
0.02325000,0.15000000,0.10000000,166.21388531
0.02325000,0.15000000,0.12500000,169.30398148
0.02325000,0.15000000,0.15000000,170.42855247
0.02325000,0.15000000,0.17500000,169.30398148
0.02325000,0.15000000,0.20000000,166.21388531
0.02325000,0.15000000,0.22500000,162.16412667
0.02325000,0.15000000,0.25000000,158.66738833
0.02325000,0.15000000,0.27500000,156.53747087
0.02325000,0.15000000,0.30000000,155.85117346
0.02325000,0.17500000,0.00000000,155.73917231
0.02325000,0.17500000,0.02500000,156.37803685
0.02325000,0.17500000,0.05000000,158.36042503
0.02325000,0.17500000,0.07500000,161.61430461
0.02325000,0.17500000,0.10000000,165.38238190
0.02325000,0.17500000,0.12500000,168.25756566
0.02325000,0.17500000,0.15000000,169.30398148
0.02325000,0.17500000,0.17500000,168.25756566
0.02325000,0.17500000,0.20000000,165.38238190
0.02325000,0.17500000,0.22500000,161.61430461
0.02325000,0.17500000,0.25000000,158.36042503
0.02325000,0.17500000,0.27500000,156.37803685
0.02325000,0.17500000,0.30000000,155.73917231
0.02325000,0.20000000,0.00000000,155.43600881
0.02325000,0.20000000,0.02500000,155.94537635
0.02325000,0.20000000,0.05000000,157.52375400
0.02325000,0.20000000,0.07500000,160.10939826
0.02325000,0.20000000,0.10000000,163.09956504
0.02325000,0.20000000,0.12500000,165.38238190
0.02325000,0.20000000,0.15000000,166.21388531
0.02325000,0.20000000,0.17500000,165.38238190
0.02325000,0.20000000,0.20000000,163.09956504
0.02325000,0.20000000,0.22500000,160.10939826
0.02325000,0.20000000,0.25000000,157.52375400
0.02325000,0.20000000,0.27500000,155.94537635
0.02325000,0.20000000,0.30000000,155.43600881
0.02325000,0.22500000,0.00000000,155.04267364
0.02325000,0.22500000,0.02500000,155.38315149
0.02325000,0.22500000,0.05000000,156.43347303
0.02325000,0.22500000,0.07500000,158.14260776
0.02325000,0.22500000,0.10000000,160.10939826
0.02325000,0.22500000,0.12500000,161.61430461
0.02325000,0.22500000,0.15000000,162.16412667
0.02325000,0.22500000,0.17500000,161.61430461
0.02325000,0.22500000,0.20000000,160.10939826
0.02325000,0.22500000,0.22500000,158.14260776
0.02325000,0.22500000,0.25000000,156.43347303
0.02325000,0.22500000,0.27500000,155.38315149
0.02325000,0.22500000,0.30000000,155.04267364
0.02325000,0.25000000,0.00000000,154.69438867
0.02325000,0.25000000,0.02500000,154.88751321
0.02325000,0.25000000,0.05000000,155.47943356
0.02325000,0.25000000,0.07500000,156.43347303
0.02325000,0.25000000,0.10000000,157.52375400
0.02325000,0.25000000,0.12500000,158.36042503
0.02325000,0.25000000,0.15000000,158.66738833
0.02325000,0.25000000,0.17500000,158.36042503
0.02325000,0.25000000,0.20000000,157.52375400
0.02325000,0.25000000,0.22500000,156.43347303
0.02325000,0.25000000,0.25000000,155.47943356
0.02325000,0.25000000,0.27500000,154.88751321
0.02325000,0.25000000,0.30000000,154.69438867
0.02325000,0.27500000,0.00000000,154.47465988
0.02325000,0.27500000,0.02500000,154.57677111
0.02325000,0.27500000,0.05000000,154.88751321
0.02325000,0.27500000,0.07500000,155.38315149
0.02325000,0.27500000,0.10000000,155.94537635
0.02325000,0.27500000,0.12500000,156.37803685
0.02325000,0.27500000,0.15000000,156.53747087
0.02325000,0.27500000,0.17500000,156.37803685
0.02325000,0.27500000,0.20000000,155.94537635
0.02325000,0.27500000,0.22500000,155.38315149
0.02325000,0.27500000,0.25000000,154.88751321
0.02325000,0.27500000,0.27500000,154.57677111
0.02325000,0.27500000,0.30000000,154.47465988
0.02325000,0.30000000,0.00000000,154.40214640
0.02325000,0.30000000,0.02500000,154.47465988
0.02325000,0.30000000,0.05000000,154.69438867
0.02325000,0.30000000,0.07500000,155.04267364
0.02325000,0.30000000,0.10000000,155.43600881
0.02325000,0.30000000,0.12500000,155.73917231
0.02325000,0.30000000,0.15000000,155.85117346
0.02325000,0.30000000,0.17500000,155.73917231
0.02325000,0.30000000,0.20000000,155.43600881
0.02325000,0.30000000,0.22500000,155.04267364
0.02325000,0.30000000,0.25000000,154.69438867
0.02325000,0.30000000,0.27500000,154.47465988
0.02325000,0.30000000,0.30000000,154.40214640
0.03100000,0.00000000,0.00000000,170.42089444
0.03100000,0.00000000,0.02500000,170.52541349
0.03100000,0.00000000,0.05000000,170.84288069
0.03100000,0.00000000,0.07500000,171.34785642
0.03100000,0.00000000,0.10000000,171.91957647
0.03100000,0.00000000,0.12500000,172.35983406
0.03100000,0.00000000,0.15000000,172.52224742
0.03100000,0.00000000,0.17500000,172.35983406
0.03100000,0.00000000,0.20000000,171.91957647
0.03100000,0.00000000,0.22500000,171.34785642
0.03100000,0.00000000,0.25000000,170.84288069
0.03100000,0.00000000,0.27500000,170.52541349
0.03100000,0.00000000,0.30000000,170.42089444
0.03100000,0.02500000,0.00000000,170.52541349
0.03100000,0.02500000,0.02500000,170.67321143
0.03100000,0.02500000,0.05000000,171.12437301
0.03100000,0.02500000,0.07500000,171.84728003
0.03100000,0.02500000,0.10000000,172.67002305
0.03100000,0.02500000,0.12500000,173.30234289
0.03100000,0.02500000,0.15000000,173.53489402
0.03100000,0.02500000,0.17500000,173.30234289
0.03100000,0.02500000,0.20000000,172.67002305
0.03100000,0.02500000,0.22500000,171.84728003
0.03100000,0.02500000,0.25000000,171.12437301
0.03100000,0.02500000,0.27500000,170.67321143
0.03100000,0.02500000,0.30000000,170.52541349
0.03100000,0.05000000,0.00000000,170.84288069
0.03100000,0.05000000,0.02500000,171.12437301
0.03100000,0.05000000,0.05000000,171.99082602
0.03100000,0.05000000,0.07500000,173.39631348
0.03100000,0.05000000,0.10000000,175.01011880
0.03100000,0.05000000,0.12500000,176.24597502
0.03100000,0.05000000,0.15000000,176.69809012
0.03100000,0.05000000,0.17500000,176.24597502
0.03100000,0.05000000,0.20000000,175.01011880
0.03100000,0.05000000,0.22500000,173.39631348
0.03100000,0.05000000,0.25000000,171.99082602
0.03100000,0.05000000,0.27500000,171.12437301
0.03100000,0.05000000,0.30000000,170.84288069
0.03100000,0.07500000,0.00000000,171.34785642
0.03100000,0.07500000,0.02500000,171.84728003
0.03100000,0.07500000,0.05000000,173.39631348
0.03100000,0.07500000,0.07500000,175.93779923
0.03100000,0.07500000,0.10000000,178.88060754
0.03100000,0.07500000,0.12500000,181.12565143
0.03100000,0.07500000,0.15000000,181.94272503
0.03100000,0.07500000,0.17500000,181.12565143
0.03100000,0.07500000,0.20000000,178.88060754
0.03100000,0.07500000,0.22500000,175.93779923
0.03100000,0.07500000,0.25000000,173.39631348
0.03100000,0.07500000,0.27500000,171.84728003
0.03100000,0.07500000,0.30000000,171.34785642
0.03100000,0.10000000,0.00000000,171.91957647
0.03100000,0.10000000,0.02500000,172.67002305
0.03100000,0.10000000,0.05000000,175.01011880
0.03100000,0.10000000,0.07500000,178.88060754
0.03100000,0.10000000,0.10000000,183.38969583
0.03100000,0.10000000,0.12500000,186.81932204
0.03100000,0.10000000,0.15000000,188.06276371
0.03100000,0.10000000,0.17500000,186.81932204
0.03100000,0.10000000,0.20000000,183.38969583
0.03100000,0.10000000,0.22500000,178.88060754
0.03100000,0.10000000,0.25000000,175.01011880
0.03100000,0.10000000,0.27500000,172.67002305
0.03100000,0.10000000,0.30000000,171.91957647
0.03100000,0.12500000,0.00000000,172.35983406
0.03100000,0.12500000,0.02500000,173.30234289
0.03100000,0.12500000,0.05000000,176.24597502
0.03100000,0.12500000,0.07500000,181.12565143
0.03100000,0.12500000,0.10000000,186.81932204
0.03100000,0.12500000,0.12500000,191.14714574
0.03100000,0.12500000,0.15000000,192.71474068
0.03100000,0.12500000,0.17500000,191.14714574
0.03100000,0.12500000,0.20000000,186.81932204
0.03100000,0.12500000,0.22500000,181.12565143
0.03100000,0.12500000,0.25000000,176.24597502
0.03100000,0.12500000,0.27500000,173.30234289
0.03100000,0.12500000,0.30000000,172.35983406
0.03100000,0.15000000,0.00000000,172.52224742
0.03100000,0.15000000,0.02500000,173.53489402
0.03100000,0.15000000,0.05000000,176.69809012
0.03100000,0.15000000,0.07500000,181.94272503
0.03100000,0.15000000,0.10000000,188.06276371
0.03100000,0.15000000,0.12500000,192.71474068
0.03100000,0.15000000,0.15000000,194.39968097
0.03100000,0.15000000,0.17500000,192.71474068
0.03100000,0.15000000,0.20000000,188.06276371
0.03100000,0.15000000,0.22500000,181.94272503
0.03100000,0.15000000,0.25000000,176.69809012
0.03100000,0.15000000,0.27500000,173.53489402
0.03100000,0.15000000,0.30000000,172.52224742
0.03100000,0.17500000,0.00000000,172.35983406
0.03100000,0.17500000,0.02500000,173.30234289
0.03100000,0.17500000,0.05000000,176.24597502
0.03100000,0.17500000,0.07500000,181.12565143
0.03100000,0.17500000,0.10000000,186.81932204
0.03100000,0.17500000,0.12500000,191.14714574
0.03100000,0.17500000,0.15000000,192.71474068
0.03100000,0.17500000,0.17500000,191.14714574
0.03100000,0.17500000,0.20000000,186.81932204
0.03100000,0.17500000,0.22500000,181.12565143
0.03100000,0.17500000,0.25000000,176.24597502
0.03100000,0.17500000,0.27500000,173.30234289
0.03100000,0.17500000,0.30000000,172.35983406
0.03100000,0.20000000,0.00000000,171.91957647
0.03100000,0.20000000,0.02500000,172.67002305
0.03100000,0.20000000,0.05000000,175.01011880
0.03100000,0.20000000,0.07500000,178.88060754
0.03100000,0.20000000,0.10000000,183.38969583
0.03100000,0.20000000,0.12500000,186.81932204
0.03100000,0.20000000,0.15000000,188.06276371
0.03100000,0.20000000,0.17500000,186.81932204
0.03100000,0.20000000,0.20000000,183.38969583
0.03100000,0.20000000,0.22500000,178.88060754
0.03100000,0.20000000,0.25000000,175.01011880
0.03100000,0.20000000,0.27500000,172.67002305
0.03100000,0.20000000,0.30000000,171.91957647
0.03100000,0.22500000,0.00000000,171.34785642
0.03100000,0.22500000,0.02500000,171.84728003
0.03100000,0.22500000,0.05000000,173.39631348
0.03100000,0.22500000,0.07500000,175.93779923
0.03100000,0.22500000,0.10000000,178.88060754
0.03100000,0.22500000,0.12500000,181.12565143
0.03100000,0.22500000,0.15000000,181.94272503
0.03100000,0.22500000,0.17500000,181.12565143
0.03100000,0.22500000,0.20000000,178.88060754
0.03100000,0.22500000,0.22500000,175.93779923
0.03100000,0.22500000,0.25000000,173.39631348
0.03100000,0.22500000,0.27500000,171.84728003
0.03100000,0.22500000,0.30000000,171.34785642
0.03100000,0.25000000,0.00000000,170.84288069
0.03100000,0.25000000,0.02500000,171.12437301
0.03100000,0.25000000,0.05000000,171.99082602
0.03100000,0.25000000,0.07500000,173.39631348
0.03100000,0.25000000,0.10000000,175.01011880
0.03100000,0.25000000,0.12500000,176.24597502
0.03100000,0.25000000,0.15000000,176.69809012
0.03100000,0.25000000,0.17500000,176.24597502
0.03100000,0.25000000,0.20000000,175.01011880
0.03100000,0.25000000,0.22500000,173.39631348
0.03100000,0.25000000,0.25000000,171.99082602
0.03100000,0.25000000,0.27500000,171.12437301
0.03100000,0.25000000,0.30000000,170.84288069
0.03100000,0.27500000,0.00000000,170.52541349
0.03100000,0.27500000,0.02500000,170.67321143
0.03100000,0.27500000,0.05000000,171.12437301
0.03100000,0.27500000,0.07500000,171.84728003
0.03100000,0.27500000,0.10000000,172.67002305
0.03100000,0.27500000,0.12500000,173.30234289
0.03100000,0.27500000,0.15000000,173.53489402
0.03100000,0.27500000,0.17500000,173.30234289
0.03100000,0.27500000,0.20000000,172.67002305
0.03100000,0.27500000,0.22500000,171.84728003
0.03100000,0.27500000,0.25000000,171.12437301
0.03100000,0.27500000,0.27500000,170.67321143
0.03100000,0.27500000,0.30000000,170.52541349
0.03100000,0.30000000,0.00000000,170.42089444
0.03100000,0.30000000,0.02500000,170.52541349
0.03100000,0.30000000,0.05000000,170.84288069
0.03100000,0.30000000,0.07500000,171.34785642
0.03100000,0.30000000,0.10000000,171.91957647
0.03100000,0.30000000,0.12500000,172.35983406
0.03100000,0.30000000,0.15000000,172.52224742
0.03100000,0.30000000,0.17500000,172.35983406
0.03100000,0.30000000,0.20000000,171.91957647
0.03100000,0.30000000,0.22500000,171.34785642
0.03100000,0.30000000,0.25000000,170.84288069
0.03100000,0.30000000,0.27500000,170.52541349
0.03100000,0.30000000,0.30000000,170.42089444
0.03875000,0.00000000,0.00000000,184.70388312
0.03875000,0.00000000,0.02500000,184.84656459
0.03875000,0.00000000,0.05000000,185.28123263
0.03875000,0.00000000,0.07500000,185.97567028
0.03875000,0.00000000,0.10000000,186.76437543
0.03875000,0.00000000,0.12500000,187.37099741
0.03875000,0.00000000,0.15000000,187.59436887
0.03875000,0.00000000,0.17500000,187.37099741
0.03875000,0.00000000,0.20000000,186.76437543
0.03875000,0.00000000,0.22500000,185.97567028
0.03875000,0.00000000,0.25000000,185.28123263
0.03875000,0.00000000,0.27500000,184.84656459
0.03875000,0.00000000,0.30000000,184.70388312
0.03875000,0.02500000,0.00000000,184.84656459
0.03875000,0.02500000,0.02500000,185.04937417
0.03875000,0.02500000,0.05000000,185.67085128
0.03875000,0.02500000,0.07500000,186.67240872
0.03875000,0.02500000,0.10000000,187.81710194
0.03875000,0.02500000,0.12500000,188.69530963
0.03875000,0.02500000,0.15000000,189.01747379
0.03875000,0.02500000,0.17500000,188.69530963
0.03875000,0.02500000,0.20000000,187.81710194
0.03875000,0.02500000,0.22500000,186.67240872
0.03875000,0.02500000,0.25000000,185.67085128
0.03875000,0.02500000,0.27500000,185.04937417
0.03875000,0.02500000,0.30000000,184.84656459
0.03875000,0.05000000,0.00000000,185.28123263
0.03875000,0.05000000,0.02500000,185.67085128
0.03875000,0.05000000,0.05000000,186.87659096
0.03875000,0.05000000,0.07500000,188.84840363
0.03875000,0.05000000,0.10000000,191.12632039
0.03875000,0.05000000,0.12500000,192.86578626
0.03875000,0.05000000,0.15000000,193.49974212
0.03875000,0.05000000,0.17500000,192.86578626
0.03875000,0.05000000,0.20000000,191.12632039
0.03875000,0.05000000,0.22500000,188.84840363
0.03875000,0.05000000,0.25000000,186.87659096
0.03875000,0.05000000,0.27500000,185.67085128
0.03875000,0.05000000,0.30000000,185.28123263
0.03875000,0.07500000,0.00000000,185.97567028
0.03875000,0.07500000,0.02500000,186.67240872
0.03875000,0.07500000,0.05000000,188.84840363
0.03875000,0.07500000,0.07500000,192.45639040
0.03875000,0.07500000,0.10000000,196.66809514
0.03875000,0.07500000,0.12500000,199.86786989
0.03875000,0.07500000,0.15000000,201.02647044
0.03875000,0.07500000,0.17500000,199.86786989
0.03875000,0.07500000,0.20000000,196.66809514
0.03875000,0.07500000,0.22500000,192.45639040
0.03875000,0.07500000,0.25000000,188.84840363
0.03875000,0.07500000,0.27500000,186.67240872
0.03875000,0.07500000,0.30000000,185.97567028
0.03875000,0.10000000,0.00000000,186.76437543
0.03875000,0.10000000,0.02500000,187.81710194
0.03875000,0.10000000,0.05000000,191.12632039
0.03875000,0.10000000,0.07500000,196.66809514
0.03875000,0.10000000,0.10000000,203.18728450
0.03875000,0.10000000,0.12500000,208.11973438
0.03875000,0.10000000,0.15000000,209.89697309
0.03875000,0.10000000,0.17500000,208.11973438
0.03875000,0.10000000,0.20000000,203.18728450
0.03875000,0.10000000,0.22500000,196.66809514
0.03875000,0.10000000,0.25000000,191.12632039
0.03875000,0.10000000,0.27500000,187.81710194
0.03875000,0.10000000,0.30000000,186.76437543
0.03875000,0.12500000,0.00000000,187.37099741
0.03875000,0.12500000,0.02500000,188.69530963
0.03875000,0.12500000,0.05000000,192.86578626
0.03875000,0.12500000,0.07500000,199.86786989
0.03875000,0.12500000,0.10000000,208.11973438
0.03875000,0.12500000,0.12500000,214.35818675
0.03875000,0.12500000,0.15000000,216.60347847
0.03875000,0.12500000,0.17500000,214.35818675
0.03875000,0.12500000,0.20000000,208.11973438
0.03875000,0.12500000,0.22500000,199.86786989
0.03875000,0.12500000,0.25000000,192.86578626
0.03875000,0.12500000,0.27500000,188.69530963
0.03875000,0.12500000,0.30000000,187.37099741
0.03875000,0.15000000,0.00000000,187.59436887
0.03875000,0.15000000,0.02500000,189.01747379
0.03875000,0.15000000,0.05000000,193.49974212
0.03875000,0.15000000,0.07500000,201.02647044
0.03875000,0.15000000,0.10000000,209.89697309
0.03875000,0.15000000,0.12500000,216.60347847
0.03875000,0.15000000,0.15000000,219.01720270
0.03875000,0.15000000,0.17500000,216.60347847
0.03875000,0.15000000,0.20000000,209.89697309
0.03875000,0.15000000,0.22500000,201.02647044
0.03875000,0.15000000,0.25000000,193.49974212
0.03875000,0.15000000,0.27500000,189.01747379
0.03875000,0.15000000,0.30000000,187.59436887
0.03875000,0.17500000,0.00000000,187.37099741
0.03875000,0.17500000,0.02500000,188.69530963
0.03875000,0.17500000,0.05000000,192.86578626
0.03875000,0.17500000,0.07500000,199.86786989
0.03875000,0.17500000,0.10000000,208.11973438
0.03875000,0.17500000,0.12500000,214.35818675
0.03875000,0.17500000,0.15000000,216.60347847
0.03875000,0.17500000,0.17500000,214.35818675
0.03875000,0.17500000,0.20000000,208.11973438
0.03875000,0.17500000,0.22500000,199.86786989
0.03875000,0.17500000,0.25000000,192.86578626
0.03875000,0.17500000,0.27500000,188.69530963
0.03875000,0.17500000,0.30000000,187.37099741
0.03875000,0.20000000,0.00000000,186.76437543
0.03875000,0.20000000,0.02500000,187.81710194
0.03875000,0.20000000,0.05000000,191.12632039
0.03875000,0.20000000,0.07500000,196.66809514
0.03875000,0.20000000,0.10000000,203.18728450
0.03875000,0.20000000,0.12500000,208.11973438
0.03875000,0.20000000,0.15000000,209.89697309
0.03875000,0.20000000,0.17500000,208.11973438
0.03875000,0.20000000,0.20000000,203.18728450
0.03875000,0.20000000,0.22500000,196.66809514
0.03875000,0.20000000,0.25000000,191.12632039
0.03875000,0.20000000,0.27500000,187.81710194
0.03875000,0.20000000,0.30000000,186.76437543
0.03875000,0.22500000,0.00000000,185.97567028
0.03875000,0.22500000,0.02500000,186.67240872
0.03875000,0.22500000,0.05000000,188.84840363
0.03875000,0.22500000,0.07500000,192.45639040
0.03875000,0.22500000,0.10000000,196.66809514
0.03875000,0.22500000,0.12500000,199.86786989
0.03875000,0.22500000,0.15000000,201.02647044
0.03875000,0.22500000,0.17500000,199.86786989
0.03875000,0.22500000,0.20000000,196.66809514
0.03875000,0.22500000,0.22500000,192.45639040
0.03875000,0.22500000,0.25000000,188.84840363
0.03875000,0.22500000,0.27500000,186.67240872
0.03875000,0.22500000,0.30000000,185.97567028
0.03875000,0.25000000,0.00000000,185.28123263
0.03875000,0.25000000,0.02500000,185.67085128
0.03875000,0.25000000,0.05000000,186.87659096
0.03875000,0.25000000,0.07500000,188.84840363
0.03875000,0.25000000,0.10000000,191.12632039
0.03875000,0.25000000,0.12500000,192.86578626
0.03875000,0.25000000,0.15000000,193.49974212
0.03875000,0.25000000,0.17500000,192.86578626
0.03875000,0.25000000,0.20000000,191.12632039
0.03875000,0.25000000,0.22500000,188.84840363
0.03875000,0.25000000,0.25000000,186.87659096
0.03875000,0.25000000,0.27500000,185.67085128
0.03875000,0.25000000,0.30000000,185.28123263
0.03875000,0.27500000,0.00000000,184.84656459
0.03875000,0.27500000,0.02500000,185.04937417
0.03875000,0.27500000,0.05000000,185.67085128
0.03875000,0.27500000,0.07500000,186.67240872
0.03875000,0.27500000,0.10000000,187.81710194
0.03875000,0.27500000,0.12500000,188.69530963
0.03875000,0.27500000,0.15000000,189.01747379
0.03875000,0.27500000,0.17500000,188.69530963
0.03875000,0.27500000,0.20000000,187.81710194
0.03875000,0.27500000,0.22500000,186.67240872
0.03875000,0.27500000,0.25000000,185.67085128
0.03875000,0.27500000,0.27500000,185.04937417
0.03875000,0.27500000,0.30000000,184.84656459
0.03875000,0.30000000,0.00000000,184.70388312
0.03875000,0.30000000,0.02500000,184.84656459
0.03875000,0.30000000,0.05000000,185.28123263
0.03875000,0.30000000,0.07500000,185.97567028
0.03875000,0.30000000,0.10000000,186.76437543
0.03875000,0.30000000,0.12500000,187.37099741
0.03875000,0.30000000,0.15000000,187.59436887
0.03875000,0.30000000,0.17500000,187.37099741
0.03875000,0.30000000,0.20000000,186.76437543
0.03875000,0.30000000,0.22500000,185.97567028
0.03875000,0.30000000,0.25000000,185.28123263
0.03875000,0.30000000,0.27500000,184.84656459
0.03875000,0.30000000,0.30000000,184.70388312
0.04650000,0.00000000,0.00000000,196.90841567
0.04650000,0.00000000,0.02500000,197.09615186
0.04650000,0.00000000,0.05000000,197.67008695
0.04650000,0.00000000,0.07500000,198.59182936
0.04650000,0.00000000,0.10000000,199.64268782
0.04650000,0.00000000,0.12500000,200.44969876
0.04650000,0.00000000,0.15000000,200.74618349
0.04650000,0.00000000,0.17500000,200.44969876
0.04650000,0.00000000,0.20000000,199.64268782
0.04650000,0.00000000,0.22500000,198.59182936
0.04650000,0.00000000,0.25000000,197.67008695
0.04650000,0.00000000,0.27500000,197.09615186
0.04650000,0.00000000,0.30000000,196.90841567
0.04650000,0.02500000,0.00000000,197.09615186
0.04650000,0.02500000,0.02500000,197.36463372
0.04650000,0.02500000,0.05000000,198.19114955
0.04650000,0.02500000,0.07500000,199.53241895
0.04650000,0.02500000,0.10000000,201.07331366
0.04650000,0.02500000,0.12500000,202.25276107
0.04650000,0.02500000,0.15000000,202.68406988
0.04650000,0.02500000,0.17500000,202.25276107
0.04650000,0.02500000,0.20000000,201.07331366
0.04650000,0.02500000,0.22500000,199.53241895
0.04650000,0.02500000,0.25000000,198.19114955
0.04650000,0.02500000,0.27500000,197.36463372
0.04650000,0.02500000,0.30000000,197.09615186
0.04650000,0.05000000,0.00000000,197.67008695
0.04650000,0.05000000,0.02500000,198.19114955
0.04650000,0.05000000,0.05000000,199.81416720
0.04650000,0.05000000,0.07500000,202.49481739
0.04650000,0.05000000,0.10000000,205.61520311
0.04650000,0.05000000,0.12500000,207.98892469
0.04650000,0.05000000,0.15000000,208.84992462
0.04650000,0.05000000,0.17500000,207.98892469
0.04650000,0.05000000,0.20000000,205.61520311
0.04650000,0.05000000,0.22500000,202.49481739
0.04650000,0.05000000,0.25000000,199.81416720
0.04650000,0.05000000,0.27500000,198.19114955
0.04650000,0.05000000,0.30000000,197.67008695
0.04650000,0.07500000,0.00000000,198.59182936
0.04650000,0.07500000,0.02500000,199.53241895
0.04650000,0.07500000,0.05000000,202.49481739
0.04650000,0.07500000,0.07500000,207.47106756
0.04650000,0.07500000,0.10000000,213.33983769
0.04650000,0.07500000,0.12500000,217.77343762
0.04650000,0.07500000,0.15000000,219.36829288
0.04650000,0.07500000,0.17500000,217.77343762
0.04650000,0.07500000,0.20000000,213.33983769
0.04650000,0.07500000,0.22500000,207.47106756
0.04650000,0.07500000,0.25000000,202.49481739
0.04650000,0.07500000,0.27500000,199.53241895
0.04650000,0.07500000,0.30000000,198.59182936
0.04650000,0.10000000,0.00000000,199.64268782
0.04650000,0.10000000,0.02500000,201.07331366
0.04650000,0.10000000,0.05000000,205.61520311
0.04650000,0.10000000,0.07500000,213.33983769
0.04650000,0.10000000,0.10000000,222.54092301
0.04650000,0.10000000,0.12500000,229.45200656
0.04650000,0.10000000,0.15000000,231.92220030
0.04650000,0.10000000,0.17500000,229.45200656
0.04650000,0.10000000,0.20000000,222.54092301
0.04650000,0.10000000,0.22500000,213.33983769
0.04650000,0.10000000,0.25000000,205.61520311
0.04650000,0.10000000,0.27500000,201.07331366
0.04650000,0.10000000,0.30000000,199.64268782
0.04650000,0.12500000,0.00000000,200.44969876
0.04650000,0.12500000,0.02500000,202.25276107
0.04650000,0.12500000,0.05000000,207.98892469
0.04650000,0.12500000,0.07500000,217.77343762
0.04650000,0.12500000,0.10000000,229.45200656
0.04650000,0.12500000,0.12500000,238.21555404
0.04650000,0.12500000,0.15000000,241.34376166
0.04650000,0.12500000,0.17500000,238.21555404
0.04650000,0.12500000,0.20000000,229.45200656
0.04650000,0.12500000,0.22500000,217.77343762
0.04650000,0.12500000,0.25000000,207.98892469
0.04650000,0.12500000,0.27500000,202.25276107
0.04650000,0.12500000,0.30000000,200.44969876
0.04650000,0.15000000,0.00000000,200.74618349
0.04650000,0.15000000,0.02500000,202.68406988
0.04650000,0.15000000,0.05000000,208.84992462
0.04650000,0.15000000,0.07500000,219.36829288
0.04650000,0.15000000,0.10000000,231.92220030
0.04650000,0.15000000,0.12500000,241.34376166
0.04650000,0.15000000,0.15000000,244.70699436
0.04650000,0.15000000,0.17500000,241.34376166
0.04650000,0.15000000,0.20000000,231.92220030
0.04650000,0.15000000,0.22500000,219.36829288
0.04650000,0.15000000,0.25000000,208.84992462
0.04650000,0.15000000,0.27500000,202.68406988
0.04650000,0.15000000,0.30000000,200.74618349
0.04650000,0.17500000,0.00000000,200.44969876
0.04650000,0.17500000,0.02500000,202.25276107
0.04650000,0.17500000,0.05000000,207.98892469
0.04650000,0.17500000,0.07500000,217.77343762
0.04650000,0.17500000,0.10000000,229.45200656
0.04650000,0.17500000,0.12500000,238.21555404
0.04650000,0.17500000,0.15000000,241.34376166
0.04650000,0.17500000,0.17500000,238.21555404
0.04650000,0.17500000,0.20000000,229.45200656
0.04650000,0.17500000,0.22500000,217.77343762
0.04650000,0.17500000,0.25000000,207.98892469
0.04650000,0.17500000,0.27500000,202.25276107
0.04650000,0.17500000,0.30000000,200.44969876
0.04650000,0.20000000,0.00000000,199.64268782
0.04650000,0.20000000,0.02500000,201.07331366
0.04650000,0.20000000,0.05000000,205.61520311
0.04650000,0.20000000,0.07500000,213.33983769
0.04650000,0.20000000,0.10000000,222.54092301
0.04650000,0.20000000,0.12500000,229.45200656
0.04650000,0.20000000,0.15000000,231.92220030
0.04650000,0.20000000,0.17500000,229.45200656
0.04650000,0.20000000,0.20000000,222.54092301
0.04650000,0.20000000,0.22500000,213.33983769
0.04650000,0.20000000,0.25000000,205.61520311
0.04650000,0.20000000,0.27500000,201.07331366
0.04650000,0.20000000,0.30000000,199.64268782
0.04650000,0.22500000,0.00000000,198.59182936
0.04650000,0.22500000,0.02500000,199.53241895
0.04650000,0.22500000,0.05000000,202.49481739
0.04650000,0.22500000,0.07500000,207.47106756
0.04650000,0.22500000,0.10000000,213.33983769
0.04650000,0.22500000,0.12500000,217.77343762
0.04650000,0.22500000,0.15000000,219.36829288
0.04650000,0.22500000,0.17500000,217.77343762
0.04650000,0.22500000,0.20000000,213.33983769
0.04650000,0.22500000,0.22500000,207.47106756
0.04650000,0.22500000,0.25000000,202.49481739
0.04650000,0.22500000,0.27500000,199.53241895
0.04650000,0.22500000,0.30000000,198.59182936
0.04650000,0.25000000,0.00000000,197.67008695
0.04650000,0.25000000,0.02500000,198.19114955
0.04650000,0.25000000,0.05000000,199.81416720
0.04650000,0.25000000,0.07500000,202.49481739
0.04650000,0.25000000,0.10000000,205.61520311
0.04650000,0.25000000,0.12500000,207.98892469
0.04650000,0.25000000,0.15000000,208.84992462
0.04650000,0.25000000,0.17500000,207.98892469
0.04650000,0.25000000,0.20000000,205.61520311
0.04650000,0.25000000,0.22500000,202.49481739
0.04650000,0.25000000,0.25000000,199.81416720
0.04650000,0.25000000,0.27500000,198.19114955
0.04650000,0.25000000,0.30000000,197.67008695
0.04650000,0.27500000,0.00000000,197.09615186
0.04650000,0.27500000,0.02500000,197.36463372
0.04650000,0.27500000,0.05000000,198.19114955
0.04650000,0.27500000,0.07500000,199.53241895
0.04650000,0.27500000,0.10000000,201.07331366
0.04650000,0.27500000,0.12500000,202.25276107
0.04650000,0.27500000,0.15000000,202.68406988
0.04650000,0.27500000,0.17500000,202.25276107
0.04650000,0.27500000,0.20000000,201.07331366
0.04650000,0.27500000,0.22500000,199.53241895
0.04650000,0.27500000,0.25000000,198.19114955
0.04650000,0.27500000,0.27500000,197.36463372
0.04650000,0.27500000,0.30000000,197.09615186
0.04650000,0.30000000,0.00000000,196.90841567
0.04650000,0.30000000,0.02500000,197.09615186
0.04650000,0.30000000,0.05000000,197.67008695
0.04650000,0.30000000,0.07500000,198.59182936
0.04650000,0.30000000,0.10000000,199.64268782
0.04650000,0.30000000,0.12500000,200.44969876
0.04650000,0.30000000,0.15000000,200.74618349
0.04650000,0.30000000,0.17500000,200.44969876
0.04650000,0.30000000,0.20000000,199.64268782
0.04650000,0.30000000,0.22500000,198.59182936
0.04650000,0.30000000,0.25000000,197.67008695
0.04650000,0.30000000,0.27500000,197.09615186
0.04650000,0.30000000,0.30000000,196.90841567
0.05425000,0.00000000,0.00000000,206.74510051
0.05425000,0.00000000,0.02500000,206.98484367
0.05425000,0.00000000,0.05000000,207.72073924
0.05425000,0.00000000,0.07500000,208.90978921
0.05425000,0.00000000,0.10000000,210.27149993
0.05425000,0.00000000,0.12500000,211.31520242
0.05425000,0.00000000,0.15000000,211.69760293
0.05425000,0.00000000,0.17500000,211.31520242
0.05425000,0.00000000,0.20000000,210.27149993
0.05425000,0.00000000,0.22500000,208.90978921
0.05425000,0.00000000,0.25000000,207.72073924
0.05425000,0.00000000,0.27500000,206.98484367
0.05425000,0.00000000,0.30000000,206.74510051
0.05425000,0.02500000,0.00000000,206.98484367
0.05425000,0.02500000,0.02500000,207.33009514
0.05425000,0.02500000,0.05000000,208.39865596
0.05425000,0.02500000,0.07500000,210.14693030
0.05425000,0.02500000,0.10000000,212.16790079
0.05425000,0.02500000,0.12500000,213.71021049
0.05425000,0.02500000,0.15000000,214.27204898
0.05425000,0.02500000,0.17500000,213.71021049
0.05425000,0.02500000,0.20000000,212.16790079
0.05425000,0.02500000,0.22500000,210.14693030
0.05425000,0.02500000,0.25000000,208.39865596
0.05425000,0.02500000,0.27500000,207.33009514
0.05425000,0.02500000,0.30000000,206.98484367
0.05425000,0.05000000,0.00000000,207.72073924
0.05425000,0.05000000,0.02500000,208.39865596
0.05425000,0.05000000,0.05000000,210.52646708
0.05425000,0.05000000,0.07500000,214.08267301
0.05425000,0.05000000,0.10000000,218.26088239
0.05425000,0.05000000,0.12500000,221.42335319
0.05425000,0.05000000,0.15000000,222.56368427
0.05425000,0.05000000,0.17500000,221.42335319
0.05425000,0.05000000,0.20000000,218.26088239
0.05425000,0.05000000,0.22500000,214.08267301
0.05425000,0.05000000,0.25000000,210.52646708
0.05425000,0.05000000,0.27500000,208.39865596
0.05425000,0.05000000,0.30000000,207.72073924
0.05425000,0.07500000,0.00000000,208.90978921
0.05425000,0.07500000,0.02500000,210.14693030
0.05425000,0.07500000,0.05000000,214.08267301
0.05425000,0.07500000,0.07500000,220.79894673
0.05425000,0.07500000,0.10000000,228.82189353
0.05425000,0.07500000,0.12500000,234.83699917
0.05425000,0.07500000,0.15000000,236.98290140
0.05425000,0.07500000,0.17500000,234.83699917
0.05425000,0.07500000,0.20000000,228.82189353
0.05425000,0.07500000,0.22500000,220.79894673
0.05425000,0.07500000,0.25000000,214.08267301
0.05425000,0.07500000,0.27500000,210.14693030
0.05425000,0.07500000,0.30000000,208.90978921
0.05425000,0.10000000,0.00000000,210.27149993
0.05425000,0.10000000,0.02500000,212.16790079
0.05425000,0.10000000,0.05000000,218.26088239
0.05425000,0.10000000,0.07500000,228.82189353
0.05425000,0.10000000,0.10000000,241.60245888
0.05425000,0.10000000,0.12500000,251.10692305
0.05425000,0.10000000,0.15000000,254.46918792
0.05425000,0.10000000,0.17500000,251.10692305
0.05425000,0.10000000,0.20000000,241.60245888
0.05425000,0.10000000,0.22500000,228.82189353
0.05425000,0.10000000,0.25000000,218.26088239
0.05425000,0.10000000,0.27500000,212.16790079
0.05425000,0.10000000,0.30000000,210.27149993
0.05425000,0.12500000,0.00000000,211.31520242
0.05425000,0.12500000,0.02500000,213.71021049
0.05425000,0.12500000,0.05000000,221.42335319
0.05425000,0.12500000,0.07500000,234.83699917
0.05425000,0.12500000,0.10000000,251.10692305
0.05425000,0.12500000,0.12500000,263.19265057
0.05425000,0.12500000,0.15000000,267.46161412
0.05425000,0.12500000,0.17500000,263.19265057
0.05425000,0.12500000,0.20000000,251.10692305
0.05425000,0.12500000,0.22500000,234.83699917
0.05425000,0.12500000,0.25000000,221.42335319
0.05425000,0.12500000,0.27500000,213.71021049
0.05425000,0.12500000,0.30000000,211.31520242
0.05425000,0.15000000,0.00000000,211.69760293
0.05425000,0.15000000,0.02500000,214.27204898
0.05425000,0.15000000,0.05000000,222.56368427
0.05425000,0.15000000,0.07500000,236.98290140
0.05425000,0.15000000,0.10000000,254.46918792
0.05425000,0.15000000,0.12500000,267.46161412
0.05425000,0.15000000,0.15000000,272.05144693
0.05425000,0.15000000,0.17500000,267.46161412
0.05425000,0.15000000,0.20000000,254.46918792
0.05425000,0.15000000,0.22500000,236.98290140
0.05425000,0.15000000,0.25000000,222.56368427
0.05425000,0.15000000,0.27500000,214.27204898
0.05425000,0.15000000,0.30000000,211.69760293
0.05425000,0.17500000,0.00000000,211.31520242
0.05425000,0.17500000,0.02500000,213.71021049
0.05425000,0.17500000,0.05000000,221.42335319
0.05425000,0.17500000,0.07500000,234.83699917
0.05425000,0.17500000,0.10000000,251.10692305
0.05425000,0.17500000,0.12500000,263.19265057
0.05425000,0.17500000,0.15000000,267.46161412
0.05425000,0.17500000,0.17500000,263.19265057
0.05425000,0.17500000,0.20000000,251.10692305
0.05425000,0.17500000,0.22500000,234.83699917
0.05425000,0.17500000,0.25000000,221.42335319
0.05425000,0.17500000,0.27500000,213.71021049
0.05425000,0.17500000,0.30000000,211.31520242
0.05425000,0.20000000,0.00000000,210.27149993
0.05425000,0.20000000,0.02500000,212.16790079
0.05425000,0.20000000,0.05000000,218.26088239
0.05425000,0.20000000,0.07500000,228.82189353
0.05425000,0.20000000,0.10000000,241.60245888
0.05425000,0.20000000,0.12500000,251.10692305
0.05425000,0.20000000,0.15000000,254.46918792
0.05425000,0.20000000,0.17500000,251.10692305
0.05425000,0.20000000,0.20000000,241.60245888
0.05425000,0.20000000,0.22500000,228.82189353
0.05425000,0.20000000,0.25000000,218.26088239
0.05425000,0.20000000,0.27500000,212.16790079
0.05425000,0.20000000,0.30000000,210.27149993
0.05425000,0.22500000,0.00000000,208.90978921
0.05425000,0.22500000,0.02500000,210.14693030
0.05425000,0.22500000,0.05000000,214.08267301
0.05425000,0.22500000,0.07500000,220.79894673
0.05425000,0.22500000,0.10000000,228.82189353
0.05425000,0.22500000,0.12500000,234.83699917
0.05425000,0.22500000,0.15000000,236.98290140
0.05425000,0.22500000,0.17500000,234.83699917
0.05425000,0.22500000,0.20000000,228.82189353
0.05425000,0.22500000,0.22500000,220.79894673
0.05425000,0.22500000,0.25000000,214.08267301
0.05425000,0.22500000,0.27500000,210.14693030
0.05425000,0.22500000,0.30000000,208.90978921
0.05425000,0.25000000,0.00000000,207.72073924
0.05425000,0.25000000,0.02500000,208.39865596
0.05425000,0.25000000,0.05000000,210.52646708
0.05425000,0.25000000,0.07500000,214.08267301
0.05425000,0.25000000,0.10000000,218.26088239
0.05425000,0.25000000,0.12500000,221.42335319
0.05425000,0.25000000,0.15000000,222.56368427
0.05425000,0.25000000,0.17500000,221.42335319
0.05425000,0.25000000,0.20000000,218.26088239
0.05425000,0.25000000,0.22500000,214.08267301
0.05425000,0.25000000,0.25000000,210.52646708
0.05425000,0.25000000,0.27500000,208.39865596
0.05425000,0.25000000,0.30000000,207.72073924
0.05425000,0.27500000,0.00000000,206.98484367
0.05425000,0.27500000,0.02500000,207.33009514
0.05425000,0.27500000,0.05000000,208.39865596
0.05425000,0.27500000,0.07500000,210.14693030
0.05425000,0.27500000,0.10000000,212.16790079
0.05425000,0.27500000,0.12500000,213.71021049
0.05425000,0.27500000,0.15000000,214.27204898
0.05425000,0.27500000,0.17500000,213.71021049
0.05425000,0.27500000,0.20000000,212.16790079
0.05425000,0.27500000,0.22500000,210.14693030
0.05425000,0.27500000,0.25000000,208.39865596
0.05425000,0.27500000,0.27500000,207.33009514
0.05425000,0.27500000,0.30000000,206.98484367
0.05425000,0.30000000,0.00000000,206.74510051
0.05425000,0.30000000,0.02500000,206.98484367
0.05425000,0.30000000,0.05000000,207.72073924
0.05425000,0.30000000,0.07500000,208.90978921
0.05425000,0.30000000,0.10000000,210.27149993
0.05425000,0.30000000,0.12500000,211.31520242
0.05425000,0.30000000,0.15000000,211.69760293
0.05425000,0.30000000,0.17500000,211.31520242
0.05425000,0.30000000,0.20000000,210.27149993
0.05425000,0.30000000,0.22500000,208.90978921
0.05425000,0.30000000,0.25000000,207.72073924
0.05425000,0.30000000,0.27500000,206.98484367
0.05425000,0.30000000,0.30000000,206.74510051
0.06200000,0.00000000,0.00000000,213.98250280
0.06200000,0.00000000,0.02500000,214.28036006
0.06200000,0.00000000,0.05000000,215.19882153
0.06200000,0.00000000,0.07500000,216.69317977
0.06200000,0.00000000,0.10000000,218.41349725
0.06200000,0.00000000,0.12500000,219.72886565
0.06200000,0.00000000,0.15000000,220.20925642
0.06200000,0.00000000,0.17500000,219.72886565
0.06200000,0.00000000,0.20000000,218.41349725
0.06200000,0.00000000,0.22500000,216.69317977
0.06200000,0.00000000,0.25000000,215.19882153
0.06200000,0.00000000,0.27500000,214.28036006
0.06200000,0.00000000,0.30000000,213.98250280
0.06200000,0.02500000,0.00000000,214.28036006
0.06200000,0.02500000,0.02500000,214.71265611
0.06200000,0.02500000,0.05000000,216.05885545
0.06200000,0.02500000,0.07500000,218.28232025
0.06200000,0.02500000,0.10000000,220.87161774
0.06200000,0.02500000,0.12500000,222.84012573
0.06200000,0.02500000,0.15000000,223.55390740
0.06200000,0.02500000,0.17500000,222.84012573
0.06200000,0.02500000,0.20000000,220.87161774
0.06200000,0.02500000,0.22500000,218.28232025
0.06200000,0.02500000,0.25000000,216.05885545
0.06200000,0.02500000,0.27500000,214.71265611
0.06200000,0.02500000,0.30000000,214.28036006
0.06200000,0.05000000,0.00000000,215.19882153
0.06200000,0.05000000,0.02500000,216.05885545
0.06200000,0.05000000,0.05000000,218.78240212
0.06200000,0.05000000,0.07500000,223.39820213
0.06200000,0.05000000,0.10000000,228.88298872
0.06200000,0.05000000,0.12500000,233.00711815
0.06200000,0.05000000,0.15000000,234.48342892
0.06200000,0.05000000,0.17500000,233.00711815
0.06200000,0.05000000,0.20000000,228.88298872
0.06200000,0.05000000,0.22500000,223.39820213
0.06200000,0.05000000,0.25000000,218.78240212
0.06200000,0.05000000,0.27500000,216.05885545
0.06200000,0.05000000,0.30000000,215.19882153
0.06200000,0.07500000,0.00000000,216.69317977
0.06200000,0.07500000,0.02500000,218.28232025
0.06200000,0.07500000,0.05000000,223.39820213
0.06200000,0.07500000,0.07500000,232.29498239
0.06200000,0.07500000,0.10000000,243.09352258
0.06200000,0.07500000,0.12500000,251.10758536
0.06200000,0.07500000,0.15000000,253.93707456
0.06200000,0.07500000,0.17500000,251.10758536
0.06200000,0.07500000,0.20000000,243.09352258
0.06200000,0.07500000,0.22500000,232.29498239
0.06200000,0.07500000,0.25000000,223.39820213
0.06200000,0.07500000,0.27500000,218.28232025
0.06200000,0.07500000,0.30000000,216.69317977
0.06200000,0.10000000,0.00000000,218.41349725
0.06200000,0.10000000,0.02500000,220.87161774
0.06200000,0.10000000,0.05000000,228.88298872
0.06200000,0.10000000,0.07500000,243.09352258
0.06200000,0.10000000,0.10000000,260.64079409
0.06200000,0.10000000,0.12500000,273.51350956
0.06200000,0.10000000,0.15000000,278.00781174
0.06200000,0.10000000,0.17500000,273.51350956
0.06200000,0.10000000,0.20000000,260.64079409
0.06200000,0.10000000,0.22500000,243.09352258
0.06200000,0.10000000,0.25000000,228.88298872
0.06200000,0.10000000,0.27500000,220.87161774
0.06200000,0.10000000,0.30000000,218.41349725
0.06200000,0.12500000,0.00000000,219.72886565
0.06200000,0.12500000,0.02500000,222.84012573
0.06200000,0.12500000,0.05000000,233.00711815
0.06200000,0.12500000,0.07500000,251.10758536
0.06200000,0.12500000,0.10000000,273.51350956
0.06200000,0.12500000,0.12500000,289.92979076
0.06200000,0.12500000,0.15000000,295.65160697
0.06200000,0.12500000,0.17500000,289.92979076
0.06200000,0.12500000,0.20000000,273.51350956
0.06200000,0.12500000,0.22500000,251.10758536
0.06200000,0.12500000,0.25000000,233.00711815
0.06200000,0.12500000,0.27500000,222.84012573
0.06200000,0.12500000,0.30000000,219.72886565
0.06200000,0.15000000,0.00000000,220.20925642
0.06200000,0.15000000,0.02500000,223.55390740
0.06200000,0.15000000,0.05000000,234.48342892
0.06200000,0.15000000,0.07500000,253.93707456
0.06200000,0.15000000,0.10000000,278.00781174
0.06200000,0.15000000,0.12500000,295.65160697
0.06200000,0.15000000,0.15000000,301.80294916
0.06200000,0.15000000,0.17500000,295.65160697
0.06200000,0.15000000,0.20000000,278.00781174
0.06200000,0.15000000,0.22500000,253.93707456
0.06200000,0.15000000,0.25000000,234.48342892
0.06200000,0.15000000,0.27500000,223.55390740
0.06200000,0.15000000,0.30000000,220.20925642
0.06200000,0.17500000,0.00000000,219.72886565
0.06200000,0.17500000,0.02500000,222.84012573
0.06200000,0.17500000,0.05000000,233.00711815
0.06200000,0.17500000,0.07500000,251.10758536
0.06200000,0.17500000,0.10000000,273.51350956
0.06200000,0.17500000,0.12500000,289.92979076
0.06200000,0.17500000,0.15000000,295.65160697
0.06200000,0.17500000,0.17500000,289.92979076
0.06200000,0.17500000,0.20000000,273.51350956
0.06200000,0.17500000,0.22500000,251.10758536
0.06200000,0.17500000,0.25000000,233.00711815
0.06200000,0.17500000,0.27500000,222.84012573
0.06200000,0.17500000,0.30000000,219.72886565
0.06200000,0.20000000,0.00000000,218.41349725
0.06200000,0.20000000,0.02500000,220.87161774
0.06200000,0.20000000,0.05000000,228.88298872
0.06200000,0.20000000,0.07500000,243.09352258
0.06200000,0.20000000,0.10000000,260.64079409
0.06200000,0.20000000,0.12500000,273.51350956
0.06200000,0.20000000,0.15000000,278.00781174
0.06200000,0.20000000,0.17500000,273.51350956
0.06200000,0.20000000,0.20000000,260.64079409
0.06200000,0.20000000,0.22500000,243.09352258
0.06200000,0.20000000,0.25000000,228.88298872
0.06200000,0.20000000,0.27500000,220.87161774
0.06200000,0.20000000,0.30000000,218.41349725
0.06200000,0.22500000,0.00000000,216.69317977
0.06200000,0.22500000,0.02500000,218.28232025
0.06200000,0.22500000,0.05000000,223.39820213
0.06200000,0.22500000,0.07500000,232.29498239
0.06200000,0.22500000,0.10000000,243.09352258
0.06200000,0.22500000,0.12500000,251.10758536
0.06200000,0.22500000,0.15000000,253.93707456
0.06200000,0.22500000,0.17500000,251.10758536
0.06200000,0.22500000,0.20000000,243.09352258
0.06200000,0.22500000,0.22500000,232.29498239
0.06200000,0.22500000,0.25000000,223.39820213
0.06200000,0.22500000,0.27500000,218.28232025
0.06200000,0.22500000,0.30000000,216.69317977
0.06200000,0.25000000,0.00000000,215.19882153
0.06200000,0.25000000,0.02500000,216.05885545
0.06200000,0.25000000,0.05000000,218.78240212
0.06200000,0.25000000,0.07500000,223.39820213
0.06200000,0.25000000,0.10000000,228.88298872
0.06200000,0.25000000,0.12500000,233.00711815
0.06200000,0.25000000,0.15000000,234.48342892
0.06200000,0.25000000,0.17500000,233.00711815
0.06200000,0.25000000,0.20000000,228.88298872
0.06200000,0.25000000,0.22500000,223.39820213
0.06200000,0.25000000,0.25000000,218.78240212
0.06200000,0.25000000,0.27500000,216.05885545
0.06200000,0.25000000,0.30000000,215.19882153
0.06200000,0.27500000,0.00000000,214.28036006
0.06200000,0.27500000,0.02500000,214.71265611
0.06200000,0.27500000,0.05000000,216.05885545
0.06200000,0.27500000,0.07500000,218.28232025
0.06200000,0.27500000,0.10000000,220.87161774
0.06200000,0.27500000,0.12500000,222.84012573
0.06200000,0.27500000,0.15000000,223.55390740
0.06200000,0.27500000,0.17500000,222.84012573
0.06200000,0.27500000,0.20000000,220.87161774
0.06200000,0.27500000,0.22500000,218.28232025
0.06200000,0.27500000,0.25000000,216.05885545
0.06200000,0.27500000,0.27500000,214.71265611
0.06200000,0.27500000,0.30000000,214.28036006
0.06200000,0.30000000,0.00000000,213.98250280
0.06200000,0.30000000,0.02500000,214.28036006
0.06200000,0.30000000,0.05000000,215.19882153
0.06200000,0.30000000,0.07500000,216.69317977
0.06200000,0.30000000,0.10000000,218.41349725
0.06200000,0.30000000,0.12500000,219.72886565
0.06200000,0.30000000,0.15000000,220.20925642
0.06200000,0.30000000,0.17500000,219.72886565
0.06200000,0.30000000,0.20000000,218.41349725
0.06200000,0.30000000,0.22500000,216.69317977
0.06200000,0.30000000,0.25000000,215.19882153
0.06200000,0.30000000,0.27500000,214.28036006
0.06200000,0.30000000,0.30000000,213.98250280
0.06975000,0.00000000,0.00000000,218.45007438
0.06975000,0.00000000,0.02500000,218.81017929
0.06975000,0.00000000,0.05000000,219.92624615
0.06975000,0.00000000,0.07500000,221.75635699
0.06975000,0.00000000,0.10000000,223.87593587
0.06975000,0.00000000,0.12500000,225.49171980
0.06975000,0.00000000,0.15000000,226.07961555
0.06975000,0.00000000,0.17500000,225.49171980
0.06975000,0.00000000,0.20000000,223.87593587
0.06975000,0.00000000,0.22500000,221.75635699
0.06975000,0.00000000,0.25000000,219.92624615
0.06975000,0.00000000,0.27500000,218.81017929
0.06975000,0.00000000,0.30000000,218.45007438
0.06975000,0.02500000,0.00000000,218.81017929
0.06975000,0.02500000,0.02500000,219.33732849
0.06975000,0.02500000,0.05000000,220.99034030
0.06975000,0.02500000,0.07500000,223.75039143
0.06975000,0.02500000,0.10000000,226.99271565
0.06975000,0.02500000,0.12500000,229.44574335
0.06975000,0.02500000,0.15000000,230.33029910
0.06975000,0.02500000,0.17500000,229.44574335
0.06975000,0.02500000,0.20000000,226.99271565
0.06975000,0.02500000,0.22500000,223.75039143
0.06975000,0.02500000,0.25000000,220.99034030
0.06975000,0.02500000,0.27500000,219.33732849
0.06975000,0.02500000,0.30000000,218.81017929
0.06975000,0.05000000,0.00000000,219.92624615
0.06975000,0.05000000,0.02500000,220.99034030
0.06975000,0.05000000,0.05000000,224.39479068
0.06975000,0.05000000,0.07500000,230.25962321
0.06975000,0.05000000,0.10000000,237.32501348
0.06975000,0.05000000,0.12500000,242.59207517
0.06975000,0.05000000,0.15000000,244.46082173
0.06975000,0.05000000,0.17500000,242.59207517
0.06975000,0.05000000,0.20000000,237.32501348
0.06975000,0.05000000,0.22500000,230.25962321
0.06975000,0.05000000,0.25000000,224.39479068
0.06975000,0.05000000,0.27500000,220.99034030
0.06975000,0.05000000,0.30000000,219.92624615
0.06975000,0.07500000,0.00000000,221.75635699
0.06975000,0.07500000,0.02500000,223.75039143
0.06975000,0.07500000,0.05000000,230.25962321
0.06975000,0.07500000,0.07500000,241.83815581
0.06975000,0.07500000,0.10000000,256.17440561
0.06975000,0.07500000,0.12500000,266.67000451
0.06975000,0.07500000,0.15000000,270.32784147
0.06975000,0.07500000,0.17500000,266.67000451
0.06975000,0.07500000,0.20000000,256.17440561
0.06975000,0.07500000,0.22500000,241.83815581
0.06975000,0.07500000,0.25000000,230.25962321
0.06975000,0.07500000,0.27500000,223.75039143
0.06975000,0.07500000,0.30000000,221.75635699
0.06975000,0.10000000,0.00000000,223.87593587
0.06975000,0.10000000,0.02500000,226.99271565
0.06975000,0.10000000,0.05000000,237.32501348
0.06975000,0.10000000,0.07500000,256.17440561
0.06975000,0.10000000,0.10000000,280.05796352
0.06975000,0.10000000,0.12500000,297.25537253
0.06975000,0.10000000,0.15000000,303.15979828
0.06975000,0.10000000,0.17500000,297.25537253
0.06975000,0.10000000,0.20000000,280.05796352
0.06975000,0.10000000,0.22500000,256.17440561
0.06975000,0.10000000,0.25000000,237.32501348
0.06975000,0.10000000,0.27500000,226.99271565
0.06975000,0.10000000,0.30000000,223.87593587
0.06975000,0.12500000,0.00000000,225.49171980
0.06975000,0.12500000,0.02500000,229.44574335
0.06975000,0.12500000,0.05000000,242.59207517
0.06975000,0.12500000,0.07500000,266.67000451
0.06975000,0.12500000,0.10000000,297.25537253
0.06975000,0.12500000,0.12500000,319.25000463
0.06975000,0.12500000,0.15000000,326.78780805
0.06975000,0.12500000,0.17500000,319.25000463
0.06975000,0.12500000,0.20000000,297.25537253
0.06975000,0.12500000,0.22500000,266.67000451
0.06975000,0.12500000,0.25000000,242.59207517
0.06975000,0.12500000,0.27500000,229.44574335
0.06975000,0.12500000,0.30000000,225.49171980
0.06975000,0.15000000,0.00000000,226.07961555
0.06975000,0.15000000,0.02500000,230.33029910
0.06975000,0.15000000,0.05000000,244.46082173
0.06975000,0.15000000,0.07500000,270.32784147
0.06975000,0.15000000,0.10000000,303.15979828
0.06975000,0.15000000,0.12500000,326.78780805
0.06975000,0.15000000,0.15000000,334.88938589
0.06975000,0.15000000,0.17500000,326.78780805
0.06975000,0.15000000,0.20000000,303.15979828
0.06975000,0.15000000,0.22500000,270.32784147
0.06975000,0.15000000,0.25000000,244.46082173
0.06975000,0.15000000,0.27500000,230.33029910
0.06975000,0.15000000,0.30000000,226.07961555
0.06975000,0.17500000,0.00000000,225.49171980
0.06975000,0.17500000,0.02500000,229.44574335
0.06975000,0.17500000,0.05000000,242.59207517
0.06975000,0.17500000,0.07500000,266.67000451
0.06975000,0.17500000,0.10000000,297.25537253
0.06975000,0.17500000,0.12500000,319.25000463
0.06975000,0.17500000,0.15000000,326.78780805
0.06975000,0.17500000,0.17500000,319.25000463
0.06975000,0.17500000,0.20000000,297.25537253
0.06975000,0.17500000,0.22500000,266.67000451
0.06975000,0.17500000,0.25000000,242.59207517
0.06975000,0.17500000,0.27500000,229.44574335
0.06975000,0.17500000,0.30000000,225.49171980
0.06975000,0.20000000,0.00000000,223.87593587
0.06975000,0.20000000,0.02500000,226.99271565
0.06975000,0.20000000,0.05000000,237.32501348
0.06975000,0.20000000,0.07500000,256.17440561
0.06975000,0.20000000,0.10000000,280.05796352
0.06975000,0.20000000,0.12500000,297.25537253
0.06975000,0.20000000,0.15000000,303.15979828
0.06975000,0.20000000,0.17500000,297.25537253
0.06975000,0.20000000,0.20000000,280.05796352
0.06975000,0.20000000,0.22500000,256.17440561
0.06975000,0.20000000,0.25000000,237.32501348
0.06975000,0.20000000,0.27500000,226.99271565
0.06975000,0.20000000,0.30000000,223.87593587
0.06975000,0.22500000,0.00000000,221.75635699
0.06975000,0.22500000,0.02500000,223.75039143
0.06975000,0.22500000,0.05000000,230.25962321
0.06975000,0.22500000,0.07500000,241.83815581
0.06975000,0.22500000,0.10000000,256.17440561
0.06975000,0.22500000,0.12500000,266.67000451
0.06975000,0.22500000,0.15000000,270.32784147
0.06975000,0.22500000,0.17500000,266.67000451
0.06975000,0.22500000,0.20000000,256.17440561
0.06975000,0.22500000,0.22500000,241.83815581
0.06975000,0.22500000,0.25000000,230.25962321
0.06975000,0.22500000,0.27500000,223.75039143
0.06975000,0.22500000,0.30000000,221.75635699
0.06975000,0.25000000,0.00000000,219.92624615
0.06975000,0.25000000,0.02500000,220.99034030
0.06975000,0.25000000,0.05000000,224.39479068
0.06975000,0.25000000,0.07500000,230.25962321
0.06975000,0.25000000,0.10000000,237.32501348
0.06975000,0.25000000,0.12500000,242.59207517
0.06975000,0.25000000,0.15000000,244.46082173
0.06975000,0.25000000,0.17500000,242.59207517
0.06975000,0.25000000,0.20000000,237.32501348
0.06975000,0.25000000,0.22500000,230.25962321
0.06975000,0.25000000,0.25000000,224.39479068
0.06975000,0.25000000,0.27500000,220.99034030
0.06975000,0.25000000,0.30000000,219.92624615
0.06975000,0.27500000,0.00000000,218.81017929
0.06975000,0.27500000,0.02500000,219.33732849
0.06975000,0.27500000,0.05000000,220.99034030
0.06975000,0.27500000,0.07500000,223.75039143
0.06975000,0.27500000,0.10000000,226.99271565
0.06975000,0.27500000,0.12500000,229.44574335
0.06975000,0.27500000,0.15000000,230.33029910
0.06975000,0.27500000,0.17500000,229.44574335
0.06975000,0.27500000,0.20000000,226.99271565
0.06975000,0.27500000,0.22500000,223.75039143
0.06975000,0.27500000,0.25000000,220.99034030
0.06975000,0.27500000,0.27500000,219.33732849
0.06975000,0.27500000,0.30000000,218.81017929
0.06975000,0.30000000,0.00000000,218.45007438
0.06975000,0.30000000,0.02500000,218.81017929
0.06975000,0.30000000,0.05000000,219.92624615
0.06975000,0.30000000,0.07500000,221.75635699
0.06975000,0.30000000,0.10000000,223.87593587
0.06975000,0.30000000,0.12500000,225.49171980
0.06975000,0.30000000,0.15000000,226.07961555
0.06975000,0.30000000,0.17500000,225.49171980
0.06975000,0.30000000,0.20000000,223.87593587
0.06975000,0.30000000,0.22500000,221.75635699
0.06975000,0.30000000,0.25000000,219.92624615
0.06975000,0.30000000,0.27500000,218.81017929
0.06975000,0.30000000,0.30000000,218.45007438
0.07750000,0.00000000,0.00000000,220.03990399
0.07750000,0.00000000,0.02500000,220.46311709
0.07750000,0.00000000,0.05000000,221.78213210
0.07750000,0.00000000,0.07500000,223.96397337
0.07750000,0.00000000,0.10000000,226.50844872
0.07750000,0.00000000,0.12500000,228.44097638
0.07750000,0.00000000,0.15000000,229.14106570
0.07750000,0.00000000,0.17500000,228.44097638
0.07750000,0.00000000,0.20000000,226.50844872
0.07750000,0.00000000,0.22500000,223.96397337
0.07750000,0.00000000,0.25000000,221.78213210
0.07750000,0.00000000,0.27500000,220.46311709
0.07750000,0.00000000,0.30000000,220.03990399
0.07750000,0.02500000,0.00000000,220.46311709
0.07750000,0.02500000,0.02500000,221.08846892
0.07750000,0.02500000,0.05000000,223.06472402
0.07750000,0.02500000,0.07500000,226.40562660
0.07750000,0.02500000,0.10000000,230.37092076
0.07750000,0.02500000,0.12500000,233.35250663
0.07750000,0.02500000,0.15000000,234.42060624
0.07750000,0.02500000,0.17500000,233.35250663
0.07750000,0.02500000,0.20000000,230.37092076
0.07750000,0.02500000,0.22500000,226.40562660
0.07750000,0.02500000,0.25000000,223.06472402
0.07750000,0.02500000,0.27500000,221.08846892
0.07750000,0.02500000,0.30000000,220.46311709
0.07750000,0.05000000,0.00000000,221.78213210
0.07750000,0.05000000,0.02500000,223.06472402
0.07750000,0.05000000,0.05000000,227.21655358
0.07750000,0.05000000,0.07500000,234.50644965
0.07750000,0.05000000,0.10000000,243.43679592
0.07750000,0.05000000,0.12500000,250.01984538
0.07750000,0.05000000,0.15000000,252.33033158
0.07750000,0.05000000,0.17500000,250.01984538
0.07750000,0.05000000,0.20000000,243.43679592
0.07750000,0.05000000,0.22500000,234.50644965
0.07750000,0.05000000,0.25000000,227.21655358
0.07750000,0.05000000,0.27500000,223.06472402
0.07750000,0.05000000,0.30000000,221.78213210
0.07750000,0.07500000,0.00000000,223.96397337
0.07750000,0.07500000,0.02500000,226.40562660
0.07750000,0.07500000,0.05000000,234.50644965
0.07750000,0.07500000,0.07500000,249.30964429
0.07750000,0.07500000,0.10000000,268.10252216
0.07750000,0.07500000,0.12500000,281.61242751
0.07750000,0.07500000,0.15000000,286.24514513
0.07750000,0.07500000,0.17500000,281.61242751
0.07750000,0.07500000,0.20000000,268.10252216
0.07750000,0.07500000,0.22500000,249.30964429
0.07750000,0.07500000,0.25000000,234.50644965
0.07750000,0.07500000,0.27500000,226.40562660
0.07750000,0.07500000,0.30000000,223.96397337
0.07750000,0.10000000,0.00000000,226.50844872
0.07750000,0.10000000,0.02500000,230.37092076
0.07750000,0.10000000,0.05000000,243.43679592
0.07750000,0.10000000,0.07500000,268.10252216
0.07750000,0.10000000,0.10000000,300.41390573
0.07750000,0.10000000,0.12500000,323.09233699
0.07750000,0.10000000,0.15000000,330.71393376
0.07750000,0.10000000,0.17500000,323.09233699
0.07750000,0.10000000,0.20000000,300.41390573
0.07750000,0.10000000,0.22500000,268.10252216
0.07750000,0.10000000,0.25000000,243.43679592
0.07750000,0.10000000,0.27500000,230.37092076
0.07750000,0.10000000,0.30000000,226.50844872
0.07750000,0.12500000,0.00000000,228.44097638
0.07750000,0.12500000,0.02500000,233.35250663
0.07750000,0.12500000,0.05000000,250.01984538
0.07750000,0.12500000,0.07500000,281.61242751
0.07750000,0.12500000,0.10000000,323.09233699
0.07750000,0.12500000,0.12500000,352.17424798
0.07750000,0.12500000,0.15000000,361.93020408
0.07750000,0.12500000,0.17500000,352.17424798
0.07750000,0.12500000,0.20000000,323.09233699
0.07750000,0.12500000,0.22500000,281.61242751
0.07750000,0.12500000,0.25000000,250.01984538
0.07750000,0.12500000,0.27500000,233.35250663
0.07750000,0.12500000,0.30000000,228.44097638
0.07750000,0.15000000,0.00000000,229.14106570
0.07750000,0.15000000,0.02500000,234.42060624
0.07750000,0.15000000,0.05000000,252.33033158
0.07750000,0.15000000,0.07500000,286.24514513
0.07750000,0.15000000,0.10000000,330.71393376
0.07750000,0.15000000,0.12500000,361.93020408
0.07750000,0.15000000,0.15000000,372.41079821
0.07750000,0.15000000,0.17500000,361.93020408
0.07750000,0.15000000,0.20000000,330.71393376
0.07750000,0.15000000,0.22500000,286.24514513
0.07750000,0.15000000,0.25000000,252.33033158
0.07750000,0.15000000,0.27500000,234.42060624
0.07750000,0.15000000,0.30000000,229.14106570
0.07750000,0.17500000,0.00000000,228.44097638
0.07750000,0.17500000,0.02500000,233.35250663
0.07750000,0.17500000,0.05000000,250.01984538
0.07750000,0.17500000,0.07500000,281.61242751
0.07750000,0.17500000,0.10000000,323.09233699
0.07750000,0.17500000,0.12500000,352.17424798
0.07750000,0.17500000,0.15000000,361.93020408
0.07750000,0.17500000,0.17500000,352.17424798
0.07750000,0.17500000,0.20000000,323.09233699
0.07750000,0.17500000,0.22500000,281.61242751
0.07750000,0.17500000,0.25000000,250.01984538
0.07750000,0.17500000,0.27500000,233.35250663
0.07750000,0.17500000,0.30000000,228.44097638
0.07750000,0.20000000,0.00000000,226.50844872
0.07750000,0.20000000,0.02500000,230.37092076
0.07750000,0.20000000,0.05000000,243.43679592
0.07750000,0.20000000,0.07500000,268.10252216
0.07750000,0.20000000,0.10000000,300.41390573
0.07750000,0.20000000,0.12500000,323.09233699
0.07750000,0.20000000,0.15000000,330.71393376
0.07750000,0.20000000,0.17500000,323.09233699
0.07750000,0.20000000,0.20000000,300.41390573
0.07750000,0.20000000,0.22500000,268.10252216
0.07750000,0.20000000,0.25000000,243.43679592
0.07750000,0.20000000,0.27500000,230.37092076
0.07750000,0.20000000,0.30000000,226.50844872
0.07750000,0.22500000,0.00000000,223.96397337
0.07750000,0.22500000,0.02500000,226.40562660
0.07750000,0.22500000,0.05000000,234.50644965
0.07750000,0.22500000,0.07500000,249.30964429
0.07750000,0.22500000,0.10000000,268.10252216
0.07750000,0.22500000,0.12500000,281.61242751
0.07750000,0.22500000,0.15000000,286.24514513
0.07750000,0.22500000,0.17500000,281.61242751
0.07750000,0.22500000,0.20000000,268.10252216
0.07750000,0.22500000,0.22500000,249.30964429
0.07750000,0.22500000,0.25000000,234.50644965
0.07750000,0.22500000,0.27500000,226.40562660
0.07750000,0.22500000,0.30000000,223.96397337
0.07750000,0.25000000,0.00000000,221.78213210
0.07750000,0.25000000,0.02500000,223.06472402
0.07750000,0.25000000,0.05000000,227.21655358
0.07750000,0.25000000,0.07500000,234.50644965
0.07750000,0.25000000,0.10000000,243.43679592
0.07750000,0.25000000,0.12500000,250.01984538
0.07750000,0.25000000,0.15000000,252.33033158
0.07750000,0.25000000,0.17500000,250.01984538
0.07750000,0.25000000,0.20000000,243.43679592
0.07750000,0.25000000,0.22500000,234.50644965
0.07750000,0.25000000,0.25000000,227.21655358
0.07750000,0.25000000,0.27500000,223.06472402
0.07750000,0.25000000,0.30000000,221.78213210
0.07750000,0.27500000,0.00000000,220.46311709
0.07750000,0.27500000,0.02500000,221.08846892
0.07750000,0.27500000,0.05000000,223.06472402
0.07750000,0.27500000,0.07500000,226.40562660
0.07750000,0.27500000,0.10000000,230.37092076
0.07750000,0.27500000,0.12500000,233.35250663
0.07750000,0.27500000,0.15000000,234.42060624
0.07750000,0.27500000,0.17500000,233.35250663
0.07750000,0.27500000,0.20000000,230.37092076
0.07750000,0.27500000,0.22500000,226.40562660
0.07750000,0.27500000,0.25000000,223.06472402
0.07750000,0.27500000,0.27500000,221.08846892
0.07750000,0.27500000,0.30000000,220.46311709
0.07750000,0.30000000,0.00000000,220.03990399
0.07750000,0.30000000,0.02500000,220.46311709
0.07750000,0.30000000,0.05000000,221.78213210
0.07750000,0.30000000,0.07500000,223.96397337
0.07750000,0.30000000,0.10000000,226.50844872
0.07750000,0.30000000,0.12500000,228.44097638
0.07750000,0.30000000,0.15000000,229.14106570
0.07750000,0.30000000,0.17500000,228.44097638
0.07750000,0.30000000,0.20000000,226.50844872
0.07750000,0.30000000,0.22500000,223.96397337
0.07750000,0.30000000,0.25000000,221.78213210
0.07750000,0.30000000,0.27500000,220.46311709
0.07750000,0.30000000,0.30000000,220.03990399
0.08525000,0.00000000,0.00000000,218.70783448
0.08525000,0.00000000,0.02500000,219.19038722
0.08525000,0.00000000,0.05000000,220.70351096
0.08525000,0.00000000,0.07500000,223.23064552
0.08525000,0.00000000,0.10000000,226.20113480
0.08525000,0.00000000,0.12500000,228.44705447
0.08525000,0.00000000,0.15000000,229.25662166
0.08525000,0.00000000,0.17500000,228.44705447
0.08525000,0.00000000,0.20000000,226.20113480
0.08525000,0.00000000,0.22500000,223.23064552
0.08525000,0.00000000,0.25000000,220.70351096
0.08525000,0.00000000,0.27500000,219.19038722
0.08525000,0.00000000,0.30000000,218.70783448
0.08525000,0.02500000,0.00000000,219.19038722
0.08525000,0.02500000,0.02500000,219.91061677
0.08525000,0.02500000,0.05000000,222.20641067
0.08525000,0.02500000,0.07500000,226.14226848
0.08525000,0.02500000,0.10000000,230.87078779
0.08525000,0.02500000,0.12500000,234.39874420
0.08525000,0.02500000,0.15000000,235.65279197
0.08525000,0.02500000,0.17500000,234.39874420
0.08525000,0.02500000,0.20000000,230.87078779
0.08525000,0.02500000,0.22500000,226.14226848
0.08525000,0.02500000,0.25000000,222.20641067
0.08525000,0.02500000,0.27500000,219.91061677
0.08525000,0.02500000,0.30000000,219.19038722
0.08525000,0.05000000,0.00000000,220.70351096
0.08525000,0.05000000,0.02500000,222.20641067
0.08525000,0.05000000,0.05000000,227.13644929
0.08525000,0.05000000,0.07500000,235.98629177
0.08525000,0.05000000,0.10000000,247.05134533
0.08525000,0.05000000,0.12500000,255.08990168
0.08525000,0.05000000,0.15000000,257.87440344
0.08525000,0.05000000,0.17500000,255.08990168
0.08525000,0.05000000,0.20000000,247.05134533
0.08525000,0.05000000,0.22500000,235.98629177
0.08525000,0.05000000,0.25000000,227.13644929
0.08525000,0.05000000,0.27500000,222.20641067
0.08525000,0.05000000,0.30000000,220.70351096
0.08525000,0.07500000,0.00000000,223.23064552
0.08525000,0.07500000,0.02500000,226.14226848
0.08525000,0.07500000,0.05000000,235.98629177
0.08525000,0.07500000,0.07500000,254.56182392
0.08525000,0.07500000,0.10000000,278.89982834
0.08525000,0.07500000,0.12500000,295.97492787
0.08525000,0.07500000,0.15000000,301.71327752
0.08525000,0.07500000,0.17500000,295.97492787
0.08525000,0.07500000,0.20000000,278.89982834
0.08525000,0.07500000,0.22500000,254.56182392
0.08525000,0.07500000,0.25000000,235.98629177
0.08525000,0.07500000,0.27500000,226.14226848
0.08525000,0.07500000,0.30000000,223.23064552
0.08525000,0.10000000,0.00000000,226.20113480
0.08525000,0.10000000,0.02500000,230.87078779
0.08525000,0.10000000,0.05000000,247.05134533
0.08525000,0.10000000,0.07500000,278.89982834
0.08525000,0.10000000,0.10000000,322.47093328
0.08525000,0.10000000,0.12500000,351.99510530
0.08525000,0.10000000,0.15000000,361.65009205
0.08525000,0.10000000,0.17500000,351.99510530
0.08525000,0.10000000,0.20000000,322.47093328
0.08525000,0.10000000,0.22500000,278.89982834
0.08525000,0.10000000,0.25000000,247.05134533
0.08525000,0.10000000,0.27500000,230.87078779
0.08525000,0.10000000,0.30000000,226.20113480
0.08525000,0.12500000,0.00000000,228.44705447
0.08525000,0.12500000,0.02500000,234.39874420
0.08525000,0.12500000,0.05000000,255.08990168
0.08525000,0.12500000,0.07500000,295.97492787
0.08525000,0.12500000,0.10000000,351.99510530
0.08525000,0.12500000,0.12500000,389.93830927
0.08525000,0.12500000,0.15000000,402.32692845
0.08525000,0.12500000,0.17500000,389.93830927
0.08525000,0.12500000,0.20000000,351.99510530
0.08525000,0.12500000,0.22500000,295.97492787
0.08525000,0.12500000,0.25000000,255.08990168
0.08525000,0.12500000,0.27500000,234.39874420
0.08525000,0.12500000,0.30000000,228.44705447
0.08525000,0.15000000,0.00000000,229.25662166
0.08525000,0.15000000,0.02500000,235.65279197
0.08525000,0.15000000,0.05000000,257.87440344
0.08525000,0.15000000,0.07500000,301.71327752
0.08525000,0.15000000,0.10000000,361.65009205
0.08525000,0.15000000,0.12500000,402.32692845
0.08525000,0.15000000,0.15000000,415.62547825
0.08525000,0.15000000,0.17500000,402.32692845
0.08525000,0.15000000,0.20000000,361.65009205
0.08525000,0.15000000,0.22500000,301.71327752
0.08525000,0.15000000,0.25000000,257.87440344
0.08525000,0.15000000,0.27500000,235.65279197
0.08525000,0.15000000,0.30000000,229.25662166
0.08525000,0.17500000,0.00000000,228.44705447
0.08525000,0.17500000,0.02500000,234.39874420
0.08525000,0.17500000,0.05000000,255.08990168
0.08525000,0.17500000,0.07500000,295.97492787
0.08525000,0.17500000,0.10000000,351.99510530
0.08525000,0.17500000,0.12500000,389.93830927
0.08525000,0.17500000,0.15000000,402.32692845
0.08525000,0.17500000,0.17500000,389.93830927
0.08525000,0.17500000,0.20000000,351.99510530
0.08525000,0.17500000,0.22500000,295.97492787
0.08525000,0.17500000,0.25000000,255.08990168
0.08525000,0.17500000,0.27500000,234.39874420
0.08525000,0.17500000,0.30000000,228.44705447
0.08525000,0.20000000,0.00000000,226.20113480
0.08525000,0.20000000,0.02500000,230.87078779
0.08525000,0.20000000,0.05000000,247.05134533
0.08525000,0.20000000,0.07500000,278.89982834
0.08525000,0.20000000,0.10000000,322.47093328
0.08525000,0.20000000,0.12500000,351.99510530
0.08525000,0.20000000,0.15000000,361.65009205
0.08525000,0.20000000,0.17500000,351.99510530
0.08525000,0.20000000,0.20000000,322.47093328
0.08525000,0.20000000,0.22500000,278.89982834
0.08525000,0.20000000,0.25000000,247.05134533
0.08525000,0.20000000,0.27500000,230.87078779
0.08525000,0.20000000,0.30000000,226.20113480
0.08525000,0.22500000,0.00000000,223.23064552
0.08525000,0.22500000,0.02500000,226.14226848
0.08525000,0.22500000,0.05000000,235.98629177
0.08525000,0.22500000,0.07500000,254.56182392
0.08525000,0.22500000,0.10000000,278.89982834
0.08525000,0.22500000,0.12500000,295.97492787
0.08525000,0.22500000,0.15000000,301.71327752
0.08525000,0.22500000,0.17500000,295.97492787
0.08525000,0.22500000,0.20000000,278.89982834
0.08525000,0.22500000,0.22500000,254.56182392
0.08525000,0.22500000,0.25000000,235.98629177
0.08525000,0.22500000,0.27500000,226.14226848
0.08525000,0.22500000,0.30000000,223.23064552
0.08525000,0.25000000,0.00000000,220.70351096
0.08525000,0.25000000,0.02500000,222.20641067
0.08525000,0.25000000,0.05000000,227.13644929
0.08525000,0.25000000,0.07500000,235.98629177
0.08525000,0.25000000,0.10000000,247.05134533
0.08525000,0.25000000,0.12500000,255.08990168
0.08525000,0.25000000,0.15000000,257.87440344
0.08525000,0.25000000,0.17500000,255.08990168
0.08525000,0.25000000,0.20000000,247.05134533
0.08525000,0.25000000,0.22500000,235.98629177
0.08525000,0.25000000,0.25000000,227.13644929
0.08525000,0.25000000,0.27500000,222.20641067
0.08525000,0.25000000,0.30000000,220.70351096
0.08525000,0.27500000,0.00000000,219.19038722
0.08525000,0.27500000,0.02500000,219.91061677
0.08525000,0.27500000,0.05000000,222.20641067
0.08525000,0.27500000,0.07500000,226.14226848
0.08525000,0.27500000,0.10000000,230.87078779
0.08525000,0.27500000,0.12500000,234.39874420
0.08525000,0.27500000,0.15000000,235.65279197
0.08525000,0.27500000,0.17500000,234.39874420
0.08525000,0.27500000,0.20000000,230.87078779
0.08525000,0.27500000,0.22500000,226.14226848
0.08525000,0.27500000,0.25000000,222.20641067
0.08525000,0.27500000,0.27500000,219.91061677
0.08525000,0.27500000,0.30000000,219.19038722
0.08525000,0.30000000,0.00000000,218.70783448
0.08525000,0.30000000,0.02500000,219.19038722
0.08525000,0.30000000,0.05000000,220.70351096
0.08525000,0.30000000,0.07500000,223.23064552
0.08525000,0.30000000,0.10000000,226.20113480
0.08525000,0.30000000,0.12500000,228.44705447
0.08525000,0.30000000,0.15000000,229.25662166
0.08525000,0.30000000,0.17500000,228.44705447
0.08525000,0.30000000,0.20000000,226.20113480
0.08525000,0.30000000,0.22500000,223.23064552
0.08525000,0.30000000,0.25000000,220.70351096
0.08525000,0.30000000,0.27500000,219.19038722
0.08525000,0.30000000,0.30000000,218.70783448
0.09300000,0.00000000,0.00000000,214.47436066
0.09300000,0.00000000,0.02500000,215.00662716
0.09300000,0.00000000,0.05000000,216.68653067
0.09300000,0.00000000,0.07500000,219.52182840
0.09300000,0.00000000,0.10000000,222.88444636
0.09300000,0.00000000,0.12500000,225.41300395
0.09300000,0.00000000,0.15000000,226.31929970
0.09300000,0.00000000,0.17500000,225.41300395
0.09300000,0.00000000,0.20000000,222.88444636
0.09300000,0.00000000,0.22500000,219.52182840
0.09300000,0.00000000,0.25000000,216.68653067
0.09300000,0.00000000,0.27500000,215.00662716
0.09300000,0.00000000,0.30000000,214.47436066
0.09300000,0.02500000,0.00000000,215.00662716
0.09300000,0.02500000,0.02500000,215.80954104
0.09300000,0.02500000,0.05000000,218.39318616
0.09300000,0.02500000,0.07500000,222.89268604
0.09300000,0.02500000,0.10000000,228.37620072
0.09300000,0.02500000,0.12500000,232.42780246
0.09300000,0.02500000,0.15000000,233.85495267
0.09300000,0.02500000,0.17500000,232.42780246
0.09300000,0.02500000,0.20000000,228.37620072
0.09300000,0.02500000,0.22500000,222.89268604
0.09300000,0.02500000,0.25000000,218.39318616
0.09300000,0.02500000,0.27500000,215.80954104
0.09300000,0.02500000,0.30000000,215.00662716
0.09300000,0.05000000,0.00000000,216.68653067
0.09300000,0.05000000,0.02500000,218.39318616
0.09300000,0.05000000,0.05000000,224.07592068
0.09300000,0.05000000,0.07500000,234.54077813
0.09300000,0.05000000,0.10000000,247.95634678
0.09300000,0.05000000,0.12500000,257.52005889
0.09300000,0.05000000,0.15000000,260.78077520
0.09300000,0.05000000,0.17500000,257.52005889
0.09300000,0.05000000,0.20000000,247.95634678
0.09300000,0.05000000,0.22500000,234.54077813
0.09300000,0.05000000,0.25000000,224.07592068
0.09300000,0.05000000,0.27500000,218.39318616
0.09300000,0.05000000,0.30000000,216.68653067
0.09300000,0.07500000,0.00000000,219.52182840
0.09300000,0.07500000,0.02500000,222.89268604
0.09300000,0.07500000,0.05000000,234.54077813
0.09300000,0.07500000,0.07500000,257.37638833
0.09300000,0.07500000,0.10000000,288.51976272
0.09300000,0.07500000,0.12500000,309.66941671
0.09300000,0.07500000,0.15000000,316.60114130
0.09300000,0.07500000,0.17500000,309.66941671
0.09300000,0.07500000,0.20000000,288.51976272
0.09300000,0.07500000,0.22500000,257.37638833
0.09300000,0.07500000,0.25000000,234.54077813
0.09300000,0.07500000,0.27500000,222.89268604
0.09300000,0.07500000,0.30000000,219.52182840
0.09300000,0.10000000,0.00000000,222.88444636
0.09300000,0.10000000,0.02500000,228.37620072
0.09300000,0.10000000,0.05000000,247.95634678
0.09300000,0.10000000,0.07500000,288.51976272
0.09300000,0.10000000,0.10000000,347.27665893
0.09300000,0.10000000,0.12500000,385.20501719
0.09300000,0.10000000,0.15000000,397.18219989
0.09300000,0.10000000,0.17500000,385.20501719
0.09300000,0.10000000,0.20000000,347.27665893
0.09300000,0.10000000,0.22500000,288.51976272
0.09300000,0.10000000,0.25000000,247.95634678
0.09300000,0.10000000,0.27500000,228.37620072
0.09300000,0.10000000,0.30000000,222.88444636
0.09300000,0.12500000,0.00000000,225.41300395
0.09300000,0.12500000,0.02500000,232.42780246
0.09300000,0.12500000,0.05000000,257.52005889
0.09300000,0.12500000,0.07500000,309.66941671
0.09300000,0.12500000,0.10000000,385.20501719
0.09300000,0.12500000,0.12500000,434.01319584
0.09300000,0.12500000,0.15000000,449.41143379
0.09300000,0.12500000,0.17500000,434.01319584
0.09300000,0.12500000,0.20000000,385.20501719
0.09300000,0.12500000,0.22500000,309.66941671
0.09300000,0.12500000,0.25000000,257.52005889
0.09300000,0.12500000,0.27500000,232.42780246
0.09300000,0.12500000,0.30000000,225.41300395
0.09300000,0.15000000,0.00000000,226.31929970
0.09300000,0.15000000,0.02500000,233.85495267
0.09300000,0.15000000,0.05000000,260.78077520
0.09300000,0.15000000,0.07500000,316.60114130
0.09300000,0.15000000,0.10000000,397.18219989
0.09300000,0.15000000,0.12500000,449.41143379
0.09300000,0.15000000,0.15000000,465.92194283
0.09300000,0.15000000,0.17500000,449.41143379
0.09300000,0.15000000,0.20000000,397.18219989
0.09300000,0.15000000,0.22500000,316.60114130
0.09300000,0.15000000,0.25000000,260.78077520
0.09300000,0.15000000,0.27500000,233.85495267
0.09300000,0.15000000,0.30000000,226.31929970
0.09300000,0.17500000,0.00000000,225.41300395
0.09300000,0.17500000,0.02500000,232.42780246
0.09300000,0.17500000,0.05000000,257.52005889
0.09300000,0.17500000,0.07500000,309.66941671
0.09300000,0.17500000,0.10000000,385.20501719
0.09300000,0.17500000,0.12500000,434.01319584
0.09300000,0.17500000,0.15000000,449.41143379
0.09300000,0.17500000,0.17500000,434.01319584
0.09300000,0.17500000,0.20000000,385.20501719
0.09300000,0.17500000,0.22500000,309.66941671
0.09300000,0.17500000,0.25000000,257.52005889
0.09300000,0.17500000,0.27500000,232.42780246
0.09300000,0.17500000,0.30000000,225.41300395
0.09300000,0.20000000,0.00000000,222.88444636
0.09300000,0.20000000,0.02500000,228.37620072
0.09300000,0.20000000,0.05000000,247.95634678
0.09300000,0.20000000,0.07500000,288.51976272
0.09300000,0.20000000,0.10000000,347.27665893
0.09300000,0.20000000,0.12500000,385.20501719
0.09300000,0.20000000,0.15000000,397.18219989
0.09300000,0.20000000,0.17500000,385.20501719
0.09300000,0.20000000,0.20000000,347.27665893
0.09300000,0.20000000,0.22500000,288.51976272
0.09300000,0.20000000,0.25000000,247.95634678
0.09300000,0.20000000,0.27500000,228.37620072
0.09300000,0.20000000,0.30000000,222.88444636
0.09300000,0.22500000,0.00000000,219.52182840
0.09300000,0.22500000,0.02500000,222.89268604
0.09300000,0.22500000,0.05000000,234.54077813
0.09300000,0.22500000,0.07500000,257.37638833
0.09300000,0.22500000,0.10000000,288.51976272
0.09300000,0.22500000,0.12500000,309.66941671
0.09300000,0.22500000,0.15000000,316.60114130
0.09300000,0.22500000,0.17500000,309.66941671
0.09300000,0.22500000,0.20000000,288.51976272
0.09300000,0.22500000,0.22500000,257.37638833
0.09300000,0.22500000,0.25000000,234.54077813
0.09300000,0.22500000,0.27500000,222.89268604
0.09300000,0.22500000,0.30000000,219.52182840
0.09300000,0.25000000,0.00000000,216.68653067
0.09300000,0.25000000,0.02500000,218.39318616
0.09300000,0.25000000,0.05000000,224.07592068
0.09300000,0.25000000,0.07500000,234.54077813
0.09300000,0.25000000,0.10000000,247.95634678
0.09300000,0.25000000,0.12500000,257.52005889
0.09300000,0.25000000,0.15000000,260.78077520
0.09300000,0.25000000,0.17500000,257.52005889
0.09300000,0.25000000,0.20000000,247.95634678
0.09300000,0.25000000,0.22500000,234.54077813
0.09300000,0.25000000,0.25000000,224.07592068
0.09300000,0.25000000,0.27500000,218.39318616
0.09300000,0.25000000,0.30000000,216.68653067
0.09300000,0.27500000,0.00000000,215.00662716
0.09300000,0.27500000,0.02500000,215.80954104
0.09300000,0.27500000,0.05000000,218.39318616
0.09300000,0.27500000,0.07500000,222.89268604
0.09300000,0.27500000,0.10000000,228.37620072
0.09300000,0.27500000,0.12500000,232.42780246
0.09300000,0.27500000,0.15000000,233.85495267
0.09300000,0.27500000,0.17500000,232.42780246
0.09300000,0.27500000,0.20000000,228.37620072
0.09300000,0.27500000,0.22500000,222.89268604
0.09300000,0.27500000,0.25000000,218.39318616
0.09300000,0.27500000,0.27500000,215.80954104
0.09300000,0.27500000,0.30000000,215.00662716
0.09300000,0.30000000,0.00000000,214.47436066
0.09300000,0.30000000,0.02500000,215.00662716
0.09300000,0.30000000,0.05000000,216.68653067
0.09300000,0.30000000,0.07500000,219.52182840
0.09300000,0.30000000,0.10000000,222.88444636
0.09300000,0.30000000,0.12500000,225.41300395
0.09300000,0.30000000,0.15000000,226.31929970
0.09300000,0.30000000,0.17500000,225.41300395
0.09300000,0.30000000,0.20000000,222.88444636
0.09300000,0.30000000,0.22500000,219.52182840
0.09300000,0.30000000,0.25000000,216.68653067
0.09300000,0.30000000,0.27500000,215.00662716
0.09300000,0.30000000,0.30000000,214.47436066
0.10075000,0.00000000,0.00000000,207.42547563
0.10075000,0.00000000,0.02500000,207.99112401
0.10075000,0.00000000,0.05000000,209.78864318
0.10075000,0.00000000,0.07500000,212.85687228
0.10075000,0.00000000,0.10000000,216.53240875
0.10075000,0.00000000,0.12500000,219.27832755
0.10075000,0.00000000,0.15000000,220.25631481
0.10075000,0.00000000,0.17500000,219.27832755
0.10075000,0.00000000,0.20000000,216.53240875
0.10075000,0.00000000,0.22500000,212.85687228
0.10075000,0.00000000,0.25000000,209.78864318
0.10075000,0.00000000,0.27500000,207.99112401
0.10075000,0.00000000,0.30000000,207.42547563
0.10075000,0.02500000,0.00000000,207.99112401
0.10075000,0.02500000,0.02500000,208.85386444
0.10075000,0.02500000,0.05000000,211.65847420
0.10075000,0.02500000,0.07500000,216.62864963
0.10075000,0.02500000,0.10000000,222.78822708
0.10075000,0.02500000,0.12500000,227.28457103
0.10075000,0.02500000,0.15000000,228.85181004
0.10075000,0.02500000,0.17500000,227.28457103
0.10075000,0.02500000,0.20000000,222.78822708
0.10075000,0.02500000,0.22500000,216.62864963
0.10075000,0.02500000,0.25000000,211.65847420
0.10075000,0.02500000,0.27500000,208.85386444
0.10075000,0.02500000,0.30000000,207.99112401
0.10075000,0.05000000,0.00000000,209.78864318
0.10075000,0.05000000,0.02500000,211.65847420
0.10075000,0.05000000,0.05000000,217.98895235
0.10075000,0.05000000,0.07500000,229.99314186
0.10075000,0.05000000,0.10000000,245.86108462
0.10075000,0.05000000,0.12500000,256.90061148
0.10075000,0.05000000,0.15000000,260.59377034
0.10075000,0.05000000,0.17500000,256.90061148
0.10075000,0.05000000,0.20000000,245.86108462
0.10075000,0.05000000,0.22500000,229.99314186
0.10075000,0.05000000,0.25000000,217.98895235
0.10075000,0.05000000,0.27500000,211.65847420
0.10075000,0.05000000,0.30000000,209.78864318
0.10075000,0.07500000,0.00000000,212.85687228
0.10075000,0.07500000,0.02500000,216.62864963
0.10075000,0.07500000,0.05000000,229.99314186
0.10075000,0.07500000,0.07500000,257.40934198
0.10075000,0.07500000,0.10000000,296.76430247
0.10075000,0.07500000,0.12500000,322.35359858
0.10075000,0.07500000,0.15000000,330.48398483
0.10075000,0.07500000,0.17500000,322.35359858
0.10075000,0.07500000,0.20000000,296.76430247
0.10075000,0.07500000,0.22500000,257.40934198
0.10075000,0.07500000,0.25000000,229.99314186
0.10075000,0.07500000,0.27500000,216.62864963
0.10075000,0.07500000,0.30000000,212.85687228
0.10075000,0.10000000,0.00000000,216.53240875
0.10075000,0.10000000,0.02500000,222.78822708
0.10075000,0.10000000,0.05000000,245.86108462
0.10075000,0.10000000,0.07500000,296.76430247
0.10075000,0.10000000,0.10000000,376.31774810
0.10075000,0.10000000,0.12500000,424.33777565
0.10075000,0.10000000,0.15000000,438.83645754
0.10075000,0.10000000,0.17500000,424.33777565
0.10075000,0.10000000,0.20000000,376.31774810
0.10075000,0.10000000,0.22500000,296.76430247
0.10075000,0.10000000,0.25000000,245.86108462
0.10075000,0.10000000,0.27500000,222.78822708
0.10075000,0.10000000,0.30000000,216.53240875
0.10075000,0.12500000,0.00000000,219.27832755
0.10075000,0.12500000,0.02500000,227.28457103
0.10075000,0.12500000,0.05000000,256.90061148
0.10075000,0.12500000,0.07500000,322.35359858
0.10075000,0.12500000,0.10000000,424.33777565
0.10075000,0.12500000,0.12500000,486.12858966
0.10075000,0.12500000,0.15000000,504.79102974
0.10075000,0.12500000,0.17500000,486.12858966
0.10075000,0.12500000,0.20000000,424.33777565
0.10075000,0.12500000,0.22500000,322.35359858
0.10075000,0.12500000,0.25000000,256.90061148
0.10075000,0.12500000,0.27500000,227.28457103
0.10075000,0.12500000,0.30000000,219.27832755
0.10075000,0.15000000,0.00000000,220.25631481
0.10075000,0.15000000,0.02500000,228.85181004
0.10075000,0.15000000,0.05000000,260.59377034
0.10075000,0.15000000,0.07500000,330.48398483
0.10075000,0.15000000,0.10000000,438.83645754
0.10075000,0.15000000,0.12500000,504.79102974
0.10075000,0.15000000,0.15000000,524.77013576
0.10075000,0.15000000,0.17500000,504.79102974
0.10075000,0.15000000,0.20000000,438.83645754
0.10075000,0.15000000,0.22500000,330.48398483
0.10075000,0.15000000,0.25000000,260.59377034
0.10075000,0.15000000,0.27500000,228.85181004
0.10075000,0.15000000,0.30000000,220.25631481
0.10075000,0.17500000,0.00000000,219.27832755
0.10075000,0.17500000,0.02500000,227.28457103
0.10075000,0.17500000,0.05000000,256.90061148
0.10075000,0.17500000,0.07500000,322.35359858
0.10075000,0.17500000,0.10000000,424.33777565
0.10075000,0.17500000,0.12500000,486.12858966
0.10075000,0.17500000,0.15000000,504.79102974
0.10075000,0.17500000,0.17500000,486.12858966
0.10075000,0.17500000,0.20000000,424.33777565
0.10075000,0.17500000,0.22500000,322.35359858
0.10075000,0.17500000,0.25000000,256.90061148
0.10075000,0.17500000,0.27500000,227.28457103
0.10075000,0.17500000,0.30000000,219.27832755
0.10075000,0.20000000,0.00000000,216.53240875
0.10075000,0.20000000,0.02500000,222.78822708
0.10075000,0.20000000,0.05000000,245.86108462
0.10075000,0.20000000,0.07500000,296.76430247
0.10075000,0.20000000,0.10000000,376.31774810
0.10075000,0.20000000,0.12500000,424.33777565
0.10075000,0.20000000,0.15000000,438.83645754
0.10075000,0.20000000,0.17500000,424.33777565
0.10075000,0.20000000,0.20000000,376.31774810
0.10075000,0.20000000,0.22500000,296.76430247
0.10075000,0.20000000,0.25000000,245.86108462
0.10075000,0.20000000,0.27500000,222.78822708
0.10075000,0.20000000,0.30000000,216.53240875
0.10075000,0.22500000,0.00000000,212.85687228
0.10075000,0.22500000,0.02500000,216.62864963
0.10075000,0.22500000,0.05000000,229.99314186
0.10075000,0.22500000,0.07500000,257.40934198
0.10075000,0.22500000,0.10000000,296.76430247
0.10075000,0.22500000,0.12500000,322.35359858
0.10075000,0.22500000,0.15000000,330.48398483
0.10075000,0.22500000,0.17500000,322.35359858
0.10075000,0.22500000,0.20000000,296.76430247
0.10075000,0.22500000,0.22500000,257.40934198
0.10075000,0.22500000,0.25000000,229.99314186
0.10075000,0.22500000,0.27500000,216.62864963
0.10075000,0.22500000,0.30000000,212.85687228
0.10075000,0.25000000,0.00000000,209.78864318
0.10075000,0.25000000,0.02500000,211.65847420
0.10075000,0.25000000,0.05000000,217.98895235
0.10075000,0.25000000,0.07500000,229.99314186
0.10075000,0.25000000,0.10000000,245.86108462
0.10075000,0.25000000,0.12500000,256.90061148
0.10075000,0.25000000,0.15000000,260.59377034
0.10075000,0.25000000,0.17500000,256.90061148
0.10075000,0.25000000,0.20000000,245.86108462
0.10075000,0.25000000,0.22500000,229.99314186
0.10075000,0.25000000,0.25000000,217.98895235
0.10075000,0.25000000,0.27500000,211.65847420
0.10075000,0.25000000,0.30000000,209.78864318
0.10075000,0.27500000,0.00000000,207.99112401
0.10075000,0.27500000,0.02500000,208.85386444
0.10075000,0.27500000,0.05000000,211.65847420
0.10075000,0.27500000,0.07500000,216.62864963
0.10075000,0.27500000,0.10000000,222.78822708
0.10075000,0.27500000,0.12500000,227.28457103
0.10075000,0.27500000,0.15000000,228.85181004
0.10075000,0.27500000,0.17500000,227.28457103
0.10075000,0.27500000,0.20000000,222.78822708
0.10075000,0.27500000,0.22500000,216.62864963
0.10075000,0.27500000,0.25000000,211.65847420
0.10075000,0.27500000,0.27500000,208.85386444
0.10075000,0.27500000,0.30000000,207.99112401
0.10075000,0.30000000,0.00000000,207.42547563
0.10075000,0.30000000,0.02500000,207.99112401
0.10075000,0.30000000,0.05000000,209.78864318
0.10075000,0.30000000,0.07500000,212.85687228
0.10075000,0.30000000,0.10000000,216.53240875
0.10075000,0.30000000,0.12500000,219.27832755
0.10075000,0.30000000,0.15000000,220.25631481
0.10075000,0.30000000,0.17500000,219.27832755
0.10075000,0.30000000,0.20000000,216.53240875
0.10075000,0.30000000,0.22500000,212.85687228
0.10075000,0.30000000,0.25000000,209.78864318
0.10075000,0.30000000,0.27500000,207.99112401
0.10075000,0.30000000,0.30000000,207.42547563
0.10850000,0.00000000,0.00000000,197.71332494
0.10850000,0.00000000,0.02500000,198.28914274
0.10850000,0.00000000,0.05000000,200.13189255
0.10850000,0.00000000,0.07500000,203.31491877
0.10850000,0.00000000,0.10000000,207.17054207
0.10850000,0.00000000,0.12500000,210.02910796
0.10850000,0.00000000,0.15000000,211.04017655
0.10850000,0.00000000,0.17500000,210.02910796
0.10850000,0.00000000,0.20000000,207.17054207
0.10850000,0.00000000,0.22500000,203.31491877
0.10850000,0.00000000,0.25000000,200.13189255
0.10850000,0.00000000,0.27500000,198.28914274
0.10850000,0.00000000,0.30000000,197.71332494
0.10850000,0.02500000,0.00000000,198.28914274
0.10850000,0.02500000,0.02500000,199.17729205
0.10850000,0.02500000,0.05000000,202.09582716
0.10850000,0.02500000,0.07500000,207.36722736
0.10850000,0.02500000,0.10000000,214.02908105
0.10850000,0.02500000,0.12500000,218.82027575
0.10850000,0.02500000,0.15000000,220.47041411
0.10850000,0.02500000,0.17500000,218.82027575
0.10850000,0.02500000,0.20000000,214.02908105
0.10850000,0.02500000,0.22500000,207.36722736
0.10850000,0.02500000,0.25000000,202.09582716
0.10850000,0.02500000,0.27500000,199.17729205
0.10850000,0.02500000,0.30000000,198.28914274
0.10850000,0.05000000,0.00000000,200.13189255
0.10850000,0.05000000,0.02500000,202.09582716
0.10850000,0.05000000,0.05000000,208.86717964
0.10850000,0.05000000,0.07500000,222.14164087
0.10850000,0.05000000,0.10000000,240.36068838
0.10850000,0.05000000,0.12500000,252.64583418
0.10850000,0.05000000,0.15000000,256.66439413
0.10850000,0.05000000,0.17500000,252.64583418
0.10850000,0.05000000,0.20000000,240.36068838
0.10850000,0.05000000,0.22500000,222.14164087
0.10850000,0.05000000,0.25000000,208.86717964
0.10850000,0.05000000,0.27500000,202.09582716
0.10850000,0.05000000,0.30000000,200.13189255
0.10850000,0.07500000,0.00000000,203.31491877
0.10850000,0.07500000,0.02500000,207.36722736
0.10850000,0.07500000,0.05000000,222.14164087
0.10850000,0.07500000,0.07500000,254.12100182
0.10850000,0.07500000,0.10000000,303.14582848
0.10850000,0.07500000,0.12500000,333.22783310
0.10850000,0.07500000,0.15000000,342.42660150
0.10850000,0.07500000,0.17500000,333.22783310
0.10850000,0.07500000,0.20000000,303.14582848
0.10850000,0.07500000,0.22500000,254.12100182
0.10850000,0.07500000,0.25000000,222.14164087
0.10850000,0.07500000,0.27500000,207.36722736
0.10850000,0.07500000,0.30000000,203.31491877
0.10850000,0.10000000,0.00000000,207.17054207
0.10850000,0.10000000,0.02500000,214.02908105
0.10850000,0.10000000,0.05000000,240.36068838
0.10850000,0.10000000,0.07500000,303.14582848
0.10850000,0.10000000,0.10000000,411.80147732
0.10850000,0.10000000,0.12500000,471.56085482
0.10850000,0.10000000,0.15000000,488.59176531
0.10850000,0.10000000,0.17500000,471.56085482
0.10850000,0.10000000,0.20000000,411.80147732
0.10850000,0.10000000,0.22500000,303.14582848
0.10850000,0.10000000,0.25000000,240.36068838
0.10850000,0.10000000,0.27500000,214.02908105
0.10850000,0.10000000,0.30000000,207.17054207
0.10850000,0.12500000,0.00000000,210.02910796
0.10850000,0.12500000,0.02500000,218.82027575
0.10850000,0.12500000,0.05000000,252.64583418
0.10850000,0.12500000,0.07500000,333.22783310
0.10850000,0.12500000,0.10000000,471.56085482
0.10850000,0.12500000,0.12500000,548.29342259
0.10850000,0.12500000,0.15000000,570.21799364
0.10850000,0.12500000,0.17500000,548.29342259
0.10850000,0.12500000,0.20000000,471.56085482
0.10850000,0.12500000,0.22500000,333.22783310
0.10850000,0.12500000,0.25000000,252.64583418
0.10850000,0.12500000,0.27500000,218.82027575
0.10850000,0.12500000,0.30000000,210.02910796
0.10850000,0.15000000,0.00000000,211.04017655
0.10850000,0.15000000,0.02500000,220.47041411
0.10850000,0.15000000,0.05000000,256.66439413
0.10850000,0.15000000,0.07500000,342.42660150
0.10850000,0.15000000,0.10000000,488.59176531
0.10850000,0.15000000,0.12500000,570.21799364
0.10850000,0.15000000,0.15000000,593.64065100
0.10850000,0.15000000,0.17500000,570.21799364
0.10850000,0.15000000,0.20000000,488.59176531
0.10850000,0.15000000,0.22500000,342.42660150
0.10850000,0.15000000,0.25000000,256.66439413
0.10850000,0.15000000,0.27500000,220.47041411
0.10850000,0.15000000,0.30000000,211.04017655
0.10850000,0.17500000,0.00000000,210.02910796
0.10850000,0.17500000,0.02500000,218.82027575
0.10850000,0.17500000,0.05000000,252.64583418
0.10850000,0.17500000,0.07500000,333.22783310
0.10850000,0.17500000,0.10000000,471.56085482
0.10850000,0.17500000,0.12500000,548.29342259
0.10850000,0.17500000,0.15000000,570.21799364
0.10850000,0.17500000,0.17500000,548.29342259
0.10850000,0.17500000,0.20000000,471.56085482
0.10850000,0.17500000,0.22500000,333.22783310
0.10850000,0.17500000,0.25000000,252.64583418
0.10850000,0.17500000,0.27500000,218.82027575
0.10850000,0.17500000,0.30000000,210.02910796
0.10850000,0.20000000,0.00000000,207.17054207
0.10850000,0.20000000,0.02500000,214.02908105
0.10850000,0.20000000,0.05000000,240.36068838
0.10850000,0.20000000,0.07500000,303.14582848
0.10850000,0.20000000,0.10000000,411.80147732
0.10850000,0.20000000,0.12500000,471.56085482
0.10850000,0.20000000,0.15000000,488.59176531
0.10850000,0.20000000,0.17500000,471.56085482
0.10850000,0.20000000,0.20000000,411.80147732
0.10850000,0.20000000,0.22500000,303.14582848
0.10850000,0.20000000,0.25000000,240.36068838
0.10850000,0.20000000,0.27500000,214.02908105
0.10850000,0.20000000,0.30000000,207.17054207
0.10850000,0.22500000,0.00000000,203.31491877
0.10850000,0.22500000,0.02500000,207.36722736
0.10850000,0.22500000,0.05000000,222.14164087
0.10850000,0.22500000,0.07500000,254.12100182
0.10850000,0.22500000,0.10000000,303.14582848
0.10850000,0.22500000,0.12500000,333.22783310
0.10850000,0.22500000,0.15000000,342.42660150
0.10850000,0.22500000,0.17500000,333.22783310
0.10850000,0.22500000,0.20000000,303.14582848
0.10850000,0.22500000,0.22500000,254.12100182
0.10850000,0.22500000,0.25000000,222.14164087
0.10850000,0.22500000,0.27500000,207.36722736
0.10850000,0.22500000,0.30000000,203.31491877
0.10850000,0.25000000,0.00000000,200.13189255
0.10850000,0.25000000,0.02500000,202.09582716
0.10850000,0.25000000,0.05000000,208.86717964
0.10850000,0.25000000,0.07500000,222.14164087
0.10850000,0.25000000,0.10000000,240.36068838
0.10850000,0.25000000,0.12500000,252.64583418
0.10850000,0.25000000,0.15000000,256.66439413
0.10850000,0.25000000,0.17500000,252.64583418
0.10850000,0.25000000,0.20000000,240.36068838
0.10850000,0.25000000,0.22500000,222.14164087
0.10850000,0.25000000,0.25000000,208.86717964
0.10850000,0.25000000,0.27500000,202.09582716
0.10850000,0.25000000,0.30000000,200.13189255
0.10850000,0.27500000,0.00000000,198.28914274
0.10850000,0.27500000,0.02500000,199.17729205
0.10850000,0.27500000,0.05000000,202.09582716
0.10850000,0.27500000,0.07500000,207.36722736
0.10850000,0.27500000,0.10000000,214.02908105
0.10850000,0.27500000,0.12500000,218.82027575
0.10850000,0.27500000,0.15000000,220.47041411
0.10850000,0.27500000,0.17500000,218.82027575
0.10850000,0.27500000,0.20000000,214.02908105
0.10850000,0.27500000,0.22500000,207.36722736
0.10850000,0.27500000,0.25000000,202.09582716
0.10850000,0.27500000,0.27500000,199.17729205
0.10850000,0.27500000,0.30000000,198.28914274
0.10850000,0.30000000,0.00000000,197.71332494
0.10850000,0.30000000,0.02500000,198.28914274
0.10850000,0.30000000,0.05000000,200.13189255
0.10850000,0.30000000,0.07500000,203.31491877
0.10850000,0.30000000,0.10000000,207.17054207
0.10850000,0.30000000,0.12500000,210.02910796
0.10850000,0.30000000,0.15000000,211.04017655
0.10850000,0.30000000,0.17500000,210.02910796
0.10850000,0.30000000,0.20000000,207.17054207
0.10850000,0.30000000,0.22500000,203.31491877
0.10850000,0.30000000,0.25000000,200.13189255
0.10850000,0.30000000,0.27500000,198.28914274
0.10850000,0.30000000,0.30000000,197.71332494
0.11625000,0.00000000,0.00000000,185.55621843
0.11625000,0.00000000,0.02500000,186.11290019
0.11625000,0.00000000,0.05000000,187.90693570
0.11625000,0.00000000,0.07500000,191.04374391
0.11625000,0.00000000,0.10000000,194.88941442
0.11625000,0.00000000,0.12500000,197.71587412
0.11625000,0.00000000,0.15000000,198.70823482
0.11625000,0.00000000,0.17500000,197.71587412
0.11625000,0.00000000,0.20000000,194.88941442
0.11625000,0.00000000,0.22500000,191.04374391
0.11625000,0.00000000,0.25000000,187.90693570
0.11625000,0.00000000,0.27500000,186.11290019
0.11625000,0.00000000,0.30000000,185.55621843
0.11625000,0.02500000,0.00000000,186.11290019
0.11625000,0.02500000,0.02500000,186.98105972
0.11625000,0.02500000,0.05000000,189.86577449
0.11625000,0.02500000,0.07500000,195.18296304
0.11625000,0.02500000,0.10000000,202.05567304
0.11625000,0.02500000,0.12500000,206.91057454
0.11625000,0.02500000,0.15000000,208.56053942
0.11625000,0.02500000,0.17500000,206.91057454
0.11625000,0.02500000,0.20000000,202.05567304
0.11625000,0.02500000,0.22500000,195.18296304
0.11625000,0.02500000,0.25000000,189.86577449
0.11625000,0.02500000,0.27500000,186.98105972
0.11625000,0.02500000,0.30000000,186.11290019
0.11625000,0.05000000,0.00000000,187.90693570
0.11625000,0.05000000,0.02500000,189.86577449
0.11625000,0.05000000,0.05000000,196.75276422
0.11625000,0.05000000,0.07500000,210.76577871
0.11625000,0.05000000,0.10000000,230.90279236
0.11625000,0.05000000,0.12500000,243.95233986
0.11625000,0.05000000,0.15000000,248.11057742
0.11625000,0.05000000,0.17500000,243.95233986
0.11625000,0.05000000,0.20000000,230.90279236
0.11625000,0.05000000,0.22500000,210.76577871
0.11625000,0.05000000,0.25000000,196.75276422
0.11625000,0.05000000,0.27500000,189.86577449
0.11625000,0.05000000,0.30000000,187.90693570
0.11625000,0.07500000,0.00000000,191.04374391
0.11625000,0.07500000,0.02500000,195.18296304
0.11625000,0.07500000,0.05000000,210.76577871
0.11625000,0.07500000,0.07500000,246.69267047
0.11625000,0.07500000,0.10000000,306.64447246
0.11625000,0.07500000,0.12500000,340.69998020
0.11625000,0.07500000,0.15000000,350.63655330
0.11625000,0.07500000,0.17500000,340.69998020
0.11625000,0.07500000,0.20000000,306.64447246
0.11625000,0.07500000,0.22500000,246.69267047
0.11625000,0.07500000,0.25000000,210.76577871
0.11625000,0.07500000,0.27500000,195.18296304
0.11625000,0.07500000,0.30000000,191.04374391
0.11625000,0.10000000,0.00000000,194.88941442
0.11625000,0.10000000,0.02500000,202.05567304
0.11625000,0.10000000,0.05000000,230.90279236
0.11625000,0.10000000,0.07500000,306.64447246
0.11625000,0.10000000,0.10000000,457.16745580
0.11625000,0.10000000,0.12500000,529.89185649
0.11625000,0.10000000,0.15000000,549.12807969
0.11625000,0.10000000,0.17500000,529.89185649
0.11625000,0.10000000,0.20000000,457.16745580
0.11625000,0.10000000,0.22500000,306.64447246
0.11625000,0.10000000,0.25000000,230.90279236
0.11625000,0.10000000,0.27500000,202.05567304
0.11625000,0.10000000,0.30000000,194.88941442
0.11625000,0.12500000,0.00000000,197.71587412
0.11625000,0.12500000,0.02500000,206.91057454
0.11625000,0.12500000,0.05000000,243.95233986
0.11625000,0.12500000,0.07500000,340.69998020
0.11625000,0.12500000,0.10000000,529.89185649
0.11625000,0.12500000,0.12500000,622.79550117
0.11625000,0.12500000,0.15000000,647.52521010
0.11625000,0.12500000,0.17500000,622.79550117
0.11625000,0.12500000,0.20000000,529.89185649
0.11625000,0.12500000,0.22500000,340.69998020
0.11625000,0.12500000,0.25000000,243.95233986
0.11625000,0.12500000,0.27500000,206.91057454
0.11625000,0.12500000,0.30000000,197.71587412
0.11625000,0.15000000,0.00000000,198.70823482
0.11625000,0.15000000,0.02500000,208.56053942
0.11625000,0.15000000,0.05000000,248.11057742
0.11625000,0.15000000,0.07500000,350.63655330
0.11625000,0.15000000,0.10000000,549.12807969
0.11625000,0.15000000,0.12500000,647.52521010
0.11625000,0.15000000,0.15000000,673.87497238
0.11625000,0.15000000,0.17500000,647.52521010
0.11625000,0.15000000,0.20000000,549.12807969
0.11625000,0.15000000,0.22500000,350.63655330
0.11625000,0.15000000,0.25000000,248.11057742
0.11625000,0.15000000,0.27500000,208.56053942
0.11625000,0.15000000,0.30000000,198.70823482
0.11625000,0.17500000,0.00000000,197.71587412
0.11625000,0.17500000,0.02500000,206.91057454
0.11625000,0.17500000,0.05000000,243.95233986
0.11625000,0.17500000,0.07500000,340.69998020
0.11625000,0.17500000,0.10000000,529.89185649
0.11625000,0.17500000,0.12500000,622.79550117
0.11625000,0.17500000,0.15000000,647.52521010
0.11625000,0.17500000,0.17500000,622.79550117
0.11625000,0.17500000,0.20000000,529.89185649
0.11625000,0.17500000,0.22500000,340.69998020
0.11625000,0.17500000,0.25000000,243.95233986
0.11625000,0.17500000,0.27500000,206.91057454
0.11625000,0.17500000,0.30000000,197.71587412
0.11625000,0.20000000,0.00000000,194.88941442
0.11625000,0.20000000,0.02500000,202.05567304
0.11625000,0.20000000,0.05000000,230.90279236
0.11625000,0.20000000,0.07500000,306.64447246
0.11625000,0.20000000,0.10000000,457.16745580
0.11625000,0.20000000,0.12500000,529.89185649
0.11625000,0.20000000,0.15000000,549.12807969
0.11625000,0.20000000,0.17500000,529.89185649
0.11625000,0.20000000,0.20000000,457.16745580
0.11625000,0.20000000,0.22500000,306.64447246
0.11625000,0.20000000,0.25000000,230.90279236
0.11625000,0.20000000,0.27500000,202.05567304
0.11625000,0.20000000,0.30000000,194.88941442
0.11625000,0.22500000,0.00000000,191.04374391
0.11625000,0.22500000,0.02500000,195.18296304
0.11625000,0.22500000,0.05000000,210.76577871
0.11625000,0.22500000,0.07500000,246.69267047
0.11625000,0.22500000,0.10000000,306.64447246
0.11625000,0.22500000,0.12500000,340.69998020
0.11625000,0.22500000,0.15000000,350.63655330
0.11625000,0.22500000,0.17500000,340.69998020
0.11625000,0.22500000,0.20000000,306.64447246
0.11625000,0.22500000,0.22500000,246.69267047
0.11625000,0.22500000,0.25000000,210.76577871
0.11625000,0.22500000,0.27500000,195.18296304
0.11625000,0.22500000,0.30000000,191.04374391
0.11625000,0.25000000,0.00000000,187.90693570
0.11625000,0.25000000,0.02500000,189.86577449
0.11625000,0.25000000,0.05000000,196.75276422
0.11625000,0.25000000,0.07500000,210.76577871
0.11625000,0.25000000,0.10000000,230.90279236
0.11625000,0.25000000,0.12500000,243.95233986
0.11625000,0.25000000,0.15000000,248.11057742
0.11625000,0.25000000,0.17500000,243.95233986
0.11625000,0.25000000,0.20000000,230.90279236
0.11625000,0.25000000,0.22500000,210.76577871
0.11625000,0.25000000,0.25000000,196.75276422
0.11625000,0.25000000,0.27500000,189.86577449
0.11625000,0.25000000,0.30000000,187.90693570
0.11625000,0.27500000,0.00000000,186.11290019
0.11625000,0.27500000,0.02500000,186.98105972
0.11625000,0.27500000,0.05000000,189.86577449
0.11625000,0.27500000,0.07500000,195.18296304
0.11625000,0.27500000,0.10000000,202.05567304
0.11625000,0.27500000,0.12500000,206.91057454
0.11625000,0.27500000,0.15000000,208.56053942
0.11625000,0.27500000,0.17500000,206.91057454
0.11625000,0.27500000,0.20000000,202.05567304
0.11625000,0.27500000,0.22500000,195.18296304
0.11625000,0.27500000,0.25000000,189.86577449
0.11625000,0.27500000,0.27500000,186.98105972
0.11625000,0.27500000,0.30000000,186.11290019
0.11625000,0.30000000,0.00000000,185.55621843
0.11625000,0.30000000,0.02500000,186.11290019
0.11625000,0.30000000,0.05000000,187.90693570
0.11625000,0.30000000,0.07500000,191.04374391
0.11625000,0.30000000,0.10000000,194.88941442
0.11625000,0.30000000,0.12500000,197.71587412
0.11625000,0.30000000,0.15000000,198.70823482
0.11625000,0.30000000,0.17500000,197.71587412
0.11625000,0.30000000,0.20000000,194.88941442
0.11625000,0.30000000,0.22500000,191.04374391
0.11625000,0.30000000,0.25000000,187.90693570
0.11625000,0.30000000,0.27500000,186.11290019
0.11625000,0.30000000,0.30000000,185.55621843
0.12400000,0.00000000,0.00000000,171.23730983
0.12400000,0.00000000,0.02500000,171.74140698
0.12400000,0.00000000,0.05000000,173.37686501
0.12400000,0.00000000,0.07500000,176.27081299
0.12400000,0.00000000,0.10000000,179.86388028
0.12400000,0.00000000,0.12500000,182.47952102
0.12400000,0.00000000,0.15000000,183.39097435
0.12400000,0.00000000,0.17500000,182.47952102
0.12400000,0.00000000,0.20000000,179.86388028
0.12400000,0.00000000,0.22500000,176.27081299
0.12400000,0.00000000,0.25000000,173.37686501
0.12400000,0.00000000,0.27500000,171.74140698
0.12400000,0.00000000,0.30000000,171.23730983
0.12400000,0.02500000,0.00000000,171.74140698
0.12400000,0.02500000,0.02500000,172.53577970
0.12400000,0.02500000,0.05000000,175.20446606
0.12400000,0.02500000,0.07500000,180.22758107
0.12400000,0.02500000,0.10000000,186.88706577
0.12400000,0.02500000,0.12500000,191.49316690
0.12400000,0.02500000,0.15000000,193.03635321
0.12400000,0.02500000,0.17500000,191.49316690
0.12400000,0.02500000,0.20000000,186.88706577
0.12400000,0.02500000,0.22500000,180.22758107
0.12400000,0.02500000,0.25000000,175.20446606
0.12400000,0.02500000,0.27500000,172.53577970
0.12400000,0.02500000,0.30000000,171.74140698
0.12400000,0.05000000,0.00000000,173.37686501
0.12400000,0.05000000,0.02500000,175.20446606
0.12400000,0.05000000,0.05000000,181.76145400
0.12400000,0.05000000,0.07500000,195.65671472
0.12400000,0.05000000,0.10000000,216.76963303
0.12400000,0.05000000,0.12500000,229.78637436
0.12400000,0.05000000,0.15000000,233.81231158
0.12400000,0.05000000,0.17500000,229.78637436
0.12400000,0.05000000,0.20000000,216.76963303
0.12400000,0.05000000,0.22500000,195.65671472
0.12400000,0.05000000,0.25000000,181.76145400
0.12400000,0.05000000,0.27500000,175.20446606
0.12400000,0.05000000,0.30000000,173.37686501
0.12400000,0.07500000,0.00000000,176.27081299
0.12400000,0.07500000,0.02500000,180.22758107
0.12400000,0.07500000,0.05000000,195.65671472
0.12400000,0.07500000,0.07500000,233.94390662
0.12400000,0.07500000,0.10000000,305.26276988
0.12400000,0.07500000,0.12500000,341.82248674
0.12400000,0.07500000,0.15000000,351.89970309
0.12400000,0.07500000,0.17500000,341.82248674
0.12400000,0.07500000,0.20000000,305.26276988
0.12400000,0.07500000,0.22500000,233.94390662
0.12400000,0.07500000,0.25000000,195.65671472
0.12400000,0.07500000,0.27500000,180.22758107
0.12400000,0.07500000,0.30000000,176.27081299
0.12400000,0.10000000,0.00000000,179.86388028
0.12400000,0.10000000,0.02500000,186.88706577
0.12400000,0.10000000,0.05000000,216.76963303
0.12400000,0.10000000,0.07500000,305.26276988
0.12400000,0.10000000,0.10000000,518.01682981
0.12400000,0.10000000,0.12500000,603.69337882
0.12400000,0.10000000,0.15000000,624.26214030
0.12400000,0.10000000,0.17500000,603.69337882
0.12400000,0.10000000,0.20000000,518.01682981
0.12400000,0.10000000,0.22500000,305.26276988
0.12400000,0.10000000,0.25000000,216.76963303
0.12400000,0.10000000,0.27500000,186.88706577
0.12400000,0.10000000,0.30000000,179.86388028
0.12400000,0.12500000,0.00000000,182.47952102
0.12400000,0.12500000,0.02500000,191.49316690
0.12400000,0.12500000,0.05000000,229.78637436
0.12400000,0.12500000,0.07500000,341.82248674
0.12400000,0.12500000,0.10000000,603.69337882
0.12400000,0.12500000,0.12500000,712.13716323
0.12400000,0.12500000,0.15000000,738.49253446
0.12400000,0.12500000,0.17500000,712.13716323
0.12400000,0.12500000,0.20000000,603.69337882
0.12400000,0.12500000,0.22500000,341.82248674
0.12400000,0.12500000,0.25000000,229.78637436
0.12400000,0.12500000,0.27500000,191.49316690
0.12400000,0.12500000,0.30000000,182.47952102
0.12400000,0.15000000,0.00000000,183.39097435
0.12400000,0.15000000,0.02500000,193.03635321
0.12400000,0.15000000,0.05000000,233.81231158
0.12400000,0.15000000,0.07500000,351.89970309
0.12400000,0.15000000,0.10000000,624.26214030
0.12400000,0.15000000,0.12500000,738.49253446
0.12400000,0.15000000,0.15000000,766.48401974
0.12400000,0.15000000,0.17500000,738.49253446
0.12400000,0.15000000,0.20000000,624.26214030
0.12400000,0.15000000,0.22500000,351.89970309
0.12400000,0.15000000,0.25000000,233.81231158
0.12400000,0.15000000,0.27500000,193.03635321
0.12400000,0.15000000,0.30000000,183.39097435
0.12400000,0.17500000,0.00000000,182.47952102
0.12400000,0.17500000,0.02500000,191.49316690
0.12400000,0.17500000,0.05000000,229.78637436
0.12400000,0.17500000,0.07500000,341.82248674
0.12400000,0.17500000,0.10000000,603.69337882
0.12400000,0.17500000,0.12500000,712.13716323
0.12400000,0.17500000,0.15000000,738.49253446
0.12400000,0.17500000,0.17500000,712.13716323
0.12400000,0.17500000,0.20000000,603.69337882
0.12400000,0.17500000,0.22500000,341.82248674
0.12400000,0.17500000,0.25000000,229.78637436
0.12400000,0.17500000,0.27500000,191.49316690
0.12400000,0.17500000,0.30000000,182.47952102
0.12400000,0.20000000,0.00000000,179.86388028
0.12400000,0.20000000,0.02500000,186.88706577
0.12400000,0.20000000,0.05000000,216.76963303
0.12400000,0.20000000,0.07500000,305.26276988
0.12400000,0.20000000,0.10000000,518.01682981
0.12400000,0.20000000,0.12500000,603.69337882
0.12400000,0.20000000,0.15000000,624.26214030
0.12400000,0.20000000,0.17500000,603.69337882
0.12400000,0.20000000,0.20000000,518.01682981
0.12400000,0.20000000,0.22500000,305.26276988
0.12400000,0.20000000,0.25000000,216.76963303
0.12400000,0.20000000,0.27500000,186.88706577
0.12400000,0.20000000,0.30000000,179.86388028
0.12400000,0.22500000,0.00000000,176.27081299
0.12400000,0.22500000,0.02500000,180.22758107
0.12400000,0.22500000,0.05000000,195.65671472
0.12400000,0.22500000,0.07500000,233.94390662
0.12400000,0.22500000,0.10000000,305.26276988
0.12400000,0.22500000,0.12500000,341.82248674
0.12400000,0.22500000,0.15000000,351.89970309
0.12400000,0.22500000,0.17500000,341.82248674
0.12400000,0.22500000,0.20000000,305.26276988
0.12400000,0.22500000,0.22500000,233.94390662
0.12400000,0.22500000,0.25000000,195.65671472
0.12400000,0.22500000,0.27500000,180.22758107
0.12400000,0.22500000,0.30000000,176.27081299
0.12400000,0.25000000,0.00000000,173.37686501
0.12400000,0.25000000,0.02500000,175.20446606
0.12400000,0.25000000,0.05000000,181.76145400
0.12400000,0.25000000,0.07500000,195.65671472
0.12400000,0.25000000,0.10000000,216.76963303
0.12400000,0.25000000,0.12500000,229.78637436
0.12400000,0.25000000,0.15000000,233.81231158
0.12400000,0.25000000,0.17500000,229.78637436
0.12400000,0.25000000,0.20000000,216.76963303
0.12400000,0.25000000,0.22500000,195.65671472
0.12400000,0.25000000,0.25000000,181.76145400
0.12400000,0.25000000,0.27500000,175.20446606
0.12400000,0.25000000,0.30000000,173.37686501
0.12400000,0.27500000,0.00000000,171.74140698
0.12400000,0.27500000,0.02500000,172.53577970
0.12400000,0.27500000,0.05000000,175.20446606
0.12400000,0.27500000,0.07500000,180.22758107
0.12400000,0.27500000,0.10000000,186.88706577
0.12400000,0.27500000,0.12500000,191.49316690
0.12400000,0.27500000,0.15000000,193.03635321
0.12400000,0.27500000,0.17500000,191.49316690
0.12400000,0.27500000,0.20000000,186.88706577
0.12400000,0.27500000,0.22500000,180.22758107
0.12400000,0.27500000,0.25000000,175.20446606
0.12400000,0.27500000,0.27500000,172.53577970
0.12400000,0.27500000,0.30000000,171.74140698
0.12400000,0.30000000,0.00000000,171.23730983
0.12400000,0.30000000,0.02500000,171.74140698
0.12400000,0.30000000,0.05000000,173.37686501
0.12400000,0.30000000,0.07500000,176.27081299
0.12400000,0.30000000,0.10000000,179.86388028
0.12400000,0.30000000,0.12500000,182.47952102
0.12400000,0.30000000,0.15000000,183.39097435
0.12400000,0.30000000,0.17500000,182.47952102
0.12400000,0.30000000,0.20000000,179.86388028
0.12400000,0.30000000,0.22500000,176.27081299
0.12400000,0.30000000,0.25000000,173.37686501
0.12400000,0.30000000,0.27500000,171.74140698
0.12400000,0.30000000,0.30000000,171.23730983
0.13175000,0.00000000,0.00000000,155.10114566
0.13175000,0.00000000,0.02500000,155.51819034
0.13175000,0.00000000,0.05000000,156.87931835
0.13175000,0.00000000,0.07500000,159.31460027
0.13175000,0.00000000,0.10000000,162.37646317
0.13175000,0.00000000,0.12500000,164.58341180
0.13175000,0.00000000,0.15000000,165.34693080
0.13175000,0.00000000,0.17500000,164.58341180
0.13175000,0.00000000,0.20000000,162.37646317
0.13175000,0.00000000,0.22500000,159.31460027
0.13175000,0.00000000,0.25000000,156.87931835
0.13175000,0.00000000,0.27500000,155.51819034
0.13175000,0.00000000,0.30000000,155.10114566
0.13175000,0.02500000,0.00000000,155.51819034
0.13175000,0.02500000,0.02500000,156.18145483
0.13175000,0.02500000,0.05000000,158.43254111
0.13175000,0.02500000,0.07500000,162.75720267
0.13175000,0.02500000,0.10000000,168.65072625
0.13175000,0.02500000,0.12500000,172.63151507
0.13175000,0.02500000,0.15000000,173.94597717
0.13175000,0.02500000,0.17500000,172.63151507
0.13175000,0.02500000,0.20000000,168.65072625
0.13175000,0.02500000,0.22500000,162.75720267
0.13175000,0.02500000,0.25000000,158.43254111
0.13175000,0.02500000,0.27500000,156.18145483
0.13175000,0.02500000,0.30000000,155.51819034
0.13175000,0.05000000,0.00000000,156.87931835
0.13175000,0.05000000,0.02500000,158.43254111
0.13175000,0.05000000,0.05000000,164.11705459
0.13175000,0.05000000,0.07500000,176.68913811
0.13175000,0.05000000,0.10000000,197.10734957
0.13175000,0.05000000,0.12500000,208.94814893
0.13175000,0.05000000,0.15000000,212.49285009
0.13175000,0.05000000,0.17500000,208.94814893
0.13175000,0.05000000,0.20000000,197.10734957
0.13175000,0.05000000,0.22500000,176.68913811
0.13175000,0.05000000,0.25000000,164.11705459
0.13175000,0.05000000,0.27500000,158.43254111
0.13175000,0.05000000,0.30000000,156.87931835
0.13175000,0.07500000,0.00000000,159.31460027
0.13175000,0.07500000,0.02500000,162.75720267
0.13175000,0.07500000,0.05000000,176.68913811
0.13175000,0.07500000,0.07500000,214.29859980
0.13175000,0.07500000,0.10000000,295.18140292
0.13175000,0.07500000,0.12500000,331.33673257
0.13175000,0.07500000,0.15000000,340.64862593
0.13175000,0.07500000,0.17500000,331.33673257
0.13175000,0.07500000,0.20000000,295.18140292
0.13175000,0.07500000,0.22500000,214.29859980
0.13175000,0.07500000,0.25000000,176.68913811
0.13175000,0.07500000,0.27500000,162.75720267
0.13175000,0.07500000,0.30000000,159.31460027
0.13175000,0.10000000,0.00000000,162.37646317
0.13175000,0.10000000,0.02500000,168.65072625
0.13175000,0.10000000,0.05000000,197.10734957
0.13175000,0.10000000,0.07500000,295.18140292
0.13175000,0.10000000,0.10000000,603.80747920
0.13175000,0.10000000,0.12500000,699.48483251
0.13175000,0.10000000,0.15000000,719.71122966
0.13175000,0.10000000,0.17500000,699.48483251
0.13175000,0.10000000,0.20000000,603.80747920
0.13175000,0.10000000,0.22500000,295.18140292
0.13175000,0.10000000,0.25000000,197.10734957
0.13175000,0.10000000,0.27500000,168.65072625
0.13175000,0.10000000,0.30000000,162.37646317
0.13175000,0.12500000,0.00000000,164.58341180
0.13175000,0.12500000,0.02500000,172.63151507
0.13175000,0.12500000,0.05000000,208.94814893
0.13175000,0.12500000,0.07500000,331.33673257
0.13175000,0.12500000,0.10000000,699.48483251
0.13175000,0.12500000,0.12500000,818.81421016
0.13175000,0.12500000,0.15000000,844.58388472
0.13175000,0.12500000,0.17500000,818.81421016
0.13175000,0.12500000,0.20000000,699.48483251
0.13175000,0.12500000,0.22500000,331.33673257
0.13175000,0.12500000,0.25000000,208.94814893
0.13175000,0.12500000,0.27500000,172.63151507
0.13175000,0.12500000,0.30000000,164.58341180
0.13175000,0.15000000,0.00000000,165.34693080
0.13175000,0.15000000,0.02500000,173.94597717
0.13175000,0.15000000,0.05000000,212.49285009
0.13175000,0.15000000,0.07500000,340.64862593
0.13175000,0.15000000,0.10000000,719.71122966
0.13175000,0.15000000,0.12500000,844.58388472
0.13175000,0.15000000,0.15000000,871.85057600
0.13175000,0.15000000,0.17500000,844.58388472
0.13175000,0.15000000,0.20000000,719.71122966
0.13175000,0.15000000,0.22500000,340.64862593
0.13175000,0.15000000,0.25000000,212.49285009
0.13175000,0.15000000,0.27500000,173.94597717
0.13175000,0.15000000,0.30000000,165.34693080
0.13175000,0.17500000,0.00000000,164.58341180
0.13175000,0.17500000,0.02500000,172.63151507
0.13175000,0.17500000,0.05000000,208.94814893
0.13175000,0.17500000,0.07500000,331.33673257
0.13175000,0.17500000,0.10000000,699.48483251
0.13175000,0.17500000,0.12500000,818.81421016
0.13175000,0.17500000,0.15000000,844.58388472
0.13175000,0.17500000,0.17500000,818.81421016
0.13175000,0.17500000,0.20000000,699.48483251
0.13175000,0.17500000,0.22500000,331.33673257
0.13175000,0.17500000,0.25000000,208.94814893
0.13175000,0.17500000,0.27500000,172.63151507
0.13175000,0.17500000,0.30000000,164.58341180
0.13175000,0.20000000,0.00000000,162.37646317
0.13175000,0.20000000,0.02500000,168.65072625
0.13175000,0.20000000,0.05000000,197.10734957
0.13175000,0.20000000,0.07500000,295.18140292
0.13175000,0.20000000,0.10000000,603.80747920
0.13175000,0.20000000,0.12500000,699.48483251
0.13175000,0.20000000,0.15000000,719.71122966
0.13175000,0.20000000,0.17500000,699.48483251
0.13175000,0.20000000,0.20000000,603.80747920
0.13175000,0.20000000,0.22500000,295.18140292
0.13175000,0.20000000,0.25000000,197.10734957
0.13175000,0.20000000,0.27500000,168.65072625
0.13175000,0.20000000,0.30000000,162.37646317
0.13175000,0.22500000,0.00000000,159.31460027
0.13175000,0.22500000,0.02500000,162.75720267
0.13175000,0.22500000,0.05000000,176.68913811
0.13175000,0.22500000,0.07500000,214.29859980
0.13175000,0.22500000,0.10000000,295.18140292
0.13175000,0.22500000,0.12500000,331.33673257
0.13175000,0.22500000,0.15000000,340.64862593
0.13175000,0.22500000,0.17500000,331.33673257
0.13175000,0.22500000,0.20000000,295.18140292
0.13175000,0.22500000,0.22500000,214.29859980
0.13175000,0.22500000,0.25000000,176.68913811
0.13175000,0.22500000,0.27500000,162.75720267
0.13175000,0.22500000,0.30000000,159.31460027
0.13175000,0.25000000,0.00000000,156.87931835
0.13175000,0.25000000,0.02500000,158.43254111
0.13175000,0.25000000,0.05000000,164.11705459
0.13175000,0.25000000,0.07500000,176.68913811
0.13175000,0.25000000,0.10000000,197.10734957
0.13175000,0.25000000,0.12500000,208.94814893
0.13175000,0.25000000,0.15000000,212.49285009
0.13175000,0.25000000,0.17500000,208.94814893
0.13175000,0.25000000,0.20000000,197.10734957
0.13175000,0.25000000,0.22500000,176.68913811
0.13175000,0.25000000,0.25000000,164.11705459
0.13175000,0.25000000,0.27500000,158.43254111
0.13175000,0.25000000,0.30000000,156.87931835
0.13175000,0.27500000,0.00000000,155.51819034
0.13175000,0.27500000,0.02500000,156.18145483
0.13175000,0.27500000,0.05000000,158.43254111
0.13175000,0.27500000,0.07500000,162.75720267
0.13175000,0.27500000,0.10000000,168.65072625
0.13175000,0.27500000,0.12500000,172.63151507
0.13175000,0.27500000,0.15000000,173.94597717
0.13175000,0.27500000,0.17500000,172.63151507
0.13175000,0.27500000,0.20000000,168.65072625
0.13175000,0.27500000,0.22500000,162.75720267
0.13175000,0.27500000,0.25000000,158.43254111
0.13175000,0.27500000,0.27500000,156.18145483
0.13175000,0.27500000,0.30000000,155.51819034
0.13175000,0.30000000,0.00000000,155.10114566
0.13175000,0.30000000,0.02500000,155.51819034
0.13175000,0.30000000,0.05000000,156.87931835
0.13175000,0.30000000,0.07500000,159.31460027
0.13175000,0.30000000,0.10000000,162.37646317
0.13175000,0.30000000,0.12500000,164.58341180
0.13175000,0.30000000,0.15000000,165.34693080
0.13175000,0.30000000,0.17500000,164.58341180
0.13175000,0.30000000,0.20000000,162.37646317
0.13175000,0.30000000,0.22500000,159.31460027
0.13175000,0.30000000,0.25000000,156.87931835
0.13175000,0.30000000,0.27500000,155.51819034
0.13175000,0.30000000,0.30000000,155.10114566
0.13950000,0.00000000,0.00000000,137.54735991
0.13950000,0.00000000,0.02500000,137.84588543
0.13950000,0.00000000,0.05000000,138.82487862
0.13950000,0.00000000,0.07500000,140.59264791
0.13950000,0.00000000,0.10000000,142.84065437
0.13950000,0.00000000,0.12500000,144.44603002
0.13950000,0.00000000,0.15000000,144.99799976
0.13950000,0.00000000,0.17500000,144.44603002
0.13950000,0.00000000,0.20000000,142.84065437
0.13950000,0.00000000,0.22500000,140.59264791
0.13950000,0.00000000,0.25000000,138.82487862
0.13950000,0.00000000,0.27500000,137.84588543
0.13950000,0.00000000,0.30000000,137.54735991
0.13950000,0.02500000,0.00000000,137.84588543
0.13950000,0.02500000,0.02500000,138.32414859
0.13950000,0.02500000,0.05000000,139.96128140
0.13950000,0.02500000,0.07500000,143.16407348
0.13950000,0.02500000,0.10000000,147.65143197
0.13950000,0.02500000,0.12500000,150.60869467
0.13950000,0.02500000,0.15000000,151.57221118
0.13950000,0.02500000,0.17500000,150.60869467
0.13950000,0.02500000,0.20000000,147.65143197
0.13950000,0.02500000,0.22500000,143.16407348
0.13950000,0.02500000,0.25000000,139.96128140
0.13950000,0.02500000,0.27500000,138.32414859
0.13950000,0.02500000,0.30000000,137.84588543
0.13950000,0.05000000,0.00000000,138.82487862
0.13950000,0.05000000,0.02500000,139.96128140
0.13950000,0.05000000,0.05000000,144.19487661
0.13950000,0.05000000,0.07500000,153.95665612
0.13950000,0.05000000,0.10000000,171.07733217
0.13950000,0.05000000,0.12500000,180.31307708
0.13950000,0.05000000,0.15000000,182.98773023
0.13950000,0.05000000,0.17500000,180.31307708
0.13950000,0.05000000,0.20000000,171.07733217
0.13950000,0.05000000,0.22500000,153.95665612
0.13950000,0.05000000,0.25000000,144.19487661
0.13950000,0.05000000,0.27500000,139.96128140
0.13950000,0.05000000,0.30000000,138.82487862
0.13950000,0.07500000,0.00000000,140.59264791
0.13950000,0.07500000,0.02500000,143.16407348
0.13950000,0.07500000,0.05000000,153.95665612
0.13950000,0.07500000,0.07500000,185.93527475
0.13950000,0.07500000,0.10000000,269.12100460
0.13950000,0.07500000,0.12500000,300.04396080
0.13950000,0.07500000,0.15000000,307.40852271
0.13950000,0.07500000,0.17500000,300.04396080
0.13950000,0.07500000,0.20000000,269.12100460
0.13950000,0.07500000,0.22500000,185.93527475
0.13950000,0.07500000,0.25000000,153.95665612
0.13950000,0.07500000,0.27500000,143.16407348
0.13950000,0.07500000,0.30000000,140.59264791
0.13950000,0.10000000,0.00000000,142.84065437
0.13950000,0.10000000,0.02500000,147.65143197
0.13950000,0.10000000,0.05000000,171.07733217
0.13950000,0.10000000,0.07500000,269.12100460
0.13950000,0.10000000,0.10000000,730.97335898
0.13950000,0.10000000,0.12500000,827.26044642
0.13950000,0.10000000,0.15000000,844.43776139
0.13950000,0.10000000,0.17500000,827.26044642
0.13950000,0.10000000,0.20000000,730.97335898
0.13950000,0.10000000,0.22500000,269.12100460
0.13950000,0.10000000,0.25000000,171.07733217
0.13950000,0.10000000,0.27500000,147.65143197
0.13950000,0.10000000,0.30000000,142.84065437
0.13950000,0.12500000,0.00000000,144.44603002
0.13950000,0.12500000,0.02500000,150.60869467
0.13950000,0.12500000,0.05000000,180.31307708
0.13950000,0.12500000,0.07500000,300.04396080
0.13950000,0.12500000,0.10000000,827.26044642
0.13950000,0.12500000,0.12500000,944.74818031
0.13950000,0.12500000,0.15000000,966.45228576
0.13950000,0.12500000,0.17500000,944.74818031
0.13950000,0.12500000,0.20000000,827.26044642
0.13950000,0.12500000,0.22500000,300.04396080
0.13950000,0.12500000,0.25000000,180.31307708
0.13950000,0.12500000,0.27500000,150.60869467
0.13950000,0.12500000,0.30000000,144.44603002
0.13950000,0.15000000,0.00000000,144.99799976
0.13950000,0.15000000,0.02500000,151.57221118
0.13950000,0.15000000,0.05000000,182.98773023
0.13950000,0.15000000,0.07500000,307.40852271
0.13950000,0.15000000,0.10000000,844.43776139
0.13950000,0.15000000,0.12500000,966.45228576
0.13950000,0.15000000,0.15000000,989.32292309
0.13950000,0.15000000,0.17500000,966.45228576
0.13950000,0.15000000,0.20000000,844.43776139
0.13950000,0.15000000,0.22500000,307.40852271
0.13950000,0.15000000,0.25000000,182.98773023
0.13950000,0.15000000,0.27500000,151.57221118
0.13950000,0.15000000,0.30000000,144.99799976
0.13950000,0.17500000,0.00000000,144.44603002
0.13950000,0.17500000,0.02500000,150.60869467
0.13950000,0.17500000,0.05000000,180.31307708
0.13950000,0.17500000,0.07500000,300.04396080
0.13950000,0.17500000,0.10000000,827.26044642
0.13950000,0.17500000,0.12500000,944.74818031
0.13950000,0.17500000,0.15000000,966.45228576
0.13950000,0.17500000,0.17500000,944.74818031
0.13950000,0.17500000,0.20000000,827.26044642
0.13950000,0.17500000,0.22500000,300.04396080
0.13950000,0.17500000,0.25000000,180.31307708
0.13950000,0.17500000,0.27500000,150.60869467
0.13950000,0.17500000,0.30000000,144.44603002
0.13950000,0.20000000,0.00000000,142.84065437
0.13950000,0.20000000,0.02500000,147.65143197
0.13950000,0.20000000,0.05000000,171.07733217
0.13950000,0.20000000,0.07500000,269.12100460
0.13950000,0.20000000,0.10000000,730.97335898
0.13950000,0.20000000,0.12500000,827.26044642
0.13950000,0.20000000,0.15000000,844.43776139
0.13950000,0.20000000,0.17500000,827.26044642
0.13950000,0.20000000,0.20000000,730.97335898
0.13950000,0.20000000,0.22500000,269.12100460
0.13950000,0.20000000,0.25000000,171.07733217
0.13950000,0.20000000,0.27500000,147.65143197
0.13950000,0.20000000,0.30000000,142.84065437
0.13950000,0.22500000,0.00000000,140.59264791
0.13950000,0.22500000,0.02500000,143.16407348
0.13950000,0.22500000,0.05000000,153.95665612
0.13950000,0.22500000,0.07500000,185.93527475
0.13950000,0.22500000,0.10000000,269.12100460
0.13950000,0.22500000,0.12500000,300.04396080
0.13950000,0.22500000,0.15000000,307.40852271
0.13950000,0.22500000,0.17500000,300.04396080
0.13950000,0.22500000,0.20000000,269.12100460
0.13950000,0.22500000,0.22500000,185.93527475
0.13950000,0.22500000,0.25000000,153.95665612
0.13950000,0.22500000,0.27500000,143.16407348
0.13950000,0.22500000,0.30000000,140.59264791
0.13950000,0.25000000,0.00000000,138.82487862
0.13950000,0.25000000,0.02500000,139.96128140
0.13950000,0.25000000,0.05000000,144.19487661
0.13950000,0.25000000,0.07500000,153.95665612
0.13950000,0.25000000,0.10000000,171.07733217
0.13950000,0.25000000,0.12500000,180.31307708
0.13950000,0.25000000,0.15000000,182.98773023
0.13950000,0.25000000,0.17500000,180.31307708
0.13950000,0.25000000,0.20000000,171.07733217
0.13950000,0.25000000,0.22500000,153.95665612
0.13950000,0.25000000,0.25000000,144.19487661
0.13950000,0.25000000,0.27500000,139.96128140
0.13950000,0.25000000,0.30000000,138.82487862
0.13950000,0.27500000,0.00000000,137.84588543
0.13950000,0.27500000,0.02500000,138.32414859
0.13950000,0.27500000,0.05000000,139.96128140
0.13950000,0.27500000,0.07500000,143.16407348
0.13950000,0.27500000,0.10000000,147.65143197
0.13950000,0.27500000,0.12500000,150.60869467
0.13950000,0.27500000,0.15000000,151.57221118
0.13950000,0.27500000,0.17500000,150.60869467
0.13950000,0.27500000,0.20000000,147.65143197
0.13950000,0.27500000,0.22500000,143.16407348
0.13950000,0.27500000,0.25000000,139.96128140
0.13950000,0.27500000,0.27500000,138.32414859
0.13950000,0.27500000,0.30000000,137.84588543
0.13950000,0.30000000,0.00000000,137.54735991
0.13950000,0.30000000,0.02500000,137.84588543
0.13950000,0.30000000,0.05000000,138.82487862
0.13950000,0.30000000,0.07500000,140.59264791
0.13950000,0.30000000,0.10000000,142.84065437
0.13950000,0.30000000,0.12500000,144.44603002
0.13950000,0.30000000,0.15000000,144.99799976
0.13950000,0.30000000,0.17500000,144.44603002
0.13950000,0.30000000,0.20000000,142.84065437
0.13950000,0.30000000,0.22500000,140.59264791
0.13950000,0.30000000,0.25000000,138.82487862
0.13950000,0.30000000,0.27500000,137.84588543
0.13950000,0.30000000,0.30000000,137.54735991
0.14725000,0.00000000,0.00000000,119.02107029
0.14725000,0.00000000,0.02500000,119.17691374
0.14725000,0.00000000,0.05000000,119.68960000
0.14725000,0.00000000,0.07500000,120.62115690
0.14725000,0.00000000,0.10000000,121.81579294
0.14725000,0.00000000,0.12500000,122.66291934
0.14725000,0.00000000,0.15000000,122.95292891
0.14725000,0.00000000,0.17500000,122.66291934
0.14725000,0.00000000,0.20000000,121.81579294
0.14725000,0.00000000,0.22500000,120.62115690
0.14725000,0.00000000,0.25000000,119.68960000
0.14725000,0.00000000,0.27500000,119.17691374
0.14725000,0.00000000,0.30000000,119.02107029
0.14725000,0.02500000,0.00000000,119.17691374
0.14725000,0.02500000,0.02500000,119.42778235
0.14725000,0.02500000,0.05000000,120.29154778
0.14725000,0.02500000,0.07500000,122.00386927
0.14725000,0.02500000,0.10000000,124.46032029
0.14725000,0.02500000,0.12500000,126.04466867
0.14725000,0.02500000,0.15000000,126.55568828
0.14725000,0.02500000,0.17500000,126.04466867
0.14725000,0.02500000,0.20000000,124.46032029
0.14725000,0.02500000,0.22500000,122.00386927
0.14725000,0.02500000,0.25000000,120.29154778
0.14725000,0.02500000,0.27500000,119.42778235
0.14725000,0.02500000,0.30000000,119.17691374
0.14725000,0.05000000,0.00000000,119.68960000
0.14725000,0.05000000,0.02500000,120.29154778
0.14725000,0.05000000,0.05000000,122.56352333
0.14725000,0.05000000,0.07500000,127.98636869
0.14725000,0.05000000,0.10000000,138.30222668
0.14725000,0.05000000,0.12500000,143.44957871
0.14725000,0.05000000,0.15000000,144.89811612
0.14725000,0.05000000,0.17500000,143.44957871
0.14725000,0.05000000,0.20000000,138.30222668
0.14725000,0.05000000,0.22500000,127.98636869
0.14725000,0.05000000,0.25000000,122.56352333
0.14725000,0.05000000,0.27500000,120.29154778
0.14725000,0.05000000,0.30000000,119.68960000
0.14725000,0.07500000,0.00000000,120.62115690
0.14725000,0.07500000,0.02500000,122.00386927
0.14725000,0.07500000,0.05000000,127.98636869
0.14725000,0.07500000,0.07500000,147.46804495
0.14725000,0.07500000,0.10000000,213.10785795
0.14725000,0.07500000,0.12500000,232.03324015
0.14725000,0.07500000,0.15000000,236.18099937
0.14725000,0.07500000,0.17500000,232.03324015
0.14725000,0.07500000,0.20000000,213.10785795
0.14725000,0.07500000,0.22500000,147.46804495
0.14725000,0.07500000,0.25000000,127.98636869
0.14725000,0.07500000,0.27500000,122.00386927
0.14725000,0.07500000,0.30000000,120.62115690
0.14725000,0.10000000,0.00000000,121.81579294
0.14725000,0.10000000,0.02500000,124.46032029
0.14725000,0.10000000,0.05000000,138.30222668
0.14725000,0.10000000,0.07500000,213.10785795
0.14725000,0.10000000,0.10000000,928.72830229
0.14725000,0.10000000,0.12500000,1002.60188721
0.14725000,0.10000000,0.15000000,1013.03478686
0.14725000,0.10000000,0.17500000,1002.60188721
0.14725000,0.10000000,0.20000000,928.72830229
0.14725000,0.10000000,0.22500000,213.10785795
0.14725000,0.10000000,0.25000000,138.30222668
0.14725000,0.10000000,0.27500000,124.46032029
0.14725000,0.10000000,0.30000000,121.81579294
0.14725000,0.12500000,0.00000000,122.66291934
0.14725000,0.12500000,0.02500000,126.04466867
0.14725000,0.12500000,0.05000000,143.44957871
0.14725000,0.12500000,0.07500000,232.03324015
0.14725000,0.12500000,0.10000000,1002.60188721
0.14725000,0.12500000,0.12500000,1089.99513831
0.14725000,0.12500000,0.15000000,1103.04113649
0.14725000,0.12500000,0.17500000,1089.99513831
0.14725000,0.12500000,0.20000000,1002.60188721
0.14725000,0.12500000,0.22500000,232.03324015
0.14725000,0.12500000,0.25000000,143.44957871
0.14725000,0.12500000,0.27500000,126.04466867
0.14725000,0.12500000,0.30000000,122.66291934
0.14725000,0.15000000,0.00000000,122.95292891
0.14725000,0.15000000,0.02500000,126.55568828
0.14725000,0.15000000,0.05000000,144.89811612
0.14725000,0.15000000,0.07500000,236.18099937
0.14725000,0.15000000,0.10000000,1013.03478686
0.14725000,0.15000000,0.12500000,1103.04113649
0.14725000,0.15000000,0.15000000,1116.73329726
0.14725000,0.15000000,0.17500000,1103.04113649
0.14725000,0.15000000,0.20000000,1013.03478686
0.14725000,0.15000000,0.22500000,236.18099937
0.14725000,0.15000000,0.25000000,144.89811612
0.14725000,0.15000000,0.27500000,126.55568828
0.14725000,0.15000000,0.30000000,122.95292891
0.14725000,0.17500000,0.00000000,122.66291934
0.14725000,0.17500000,0.02500000,126.04466867
0.14725000,0.17500000,0.05000000,143.44957871
0.14725000,0.17500000,0.07500000,232.03324015
0.14725000,0.17500000,0.10000000,1002.60188721
0.14725000,0.17500000,0.12500000,1089.99513831
0.14725000,0.17500000,0.15000000,1103.04113649
0.14725000,0.17500000,0.17500000,1089.99513831
0.14725000,0.17500000,0.20000000,1002.60188721
0.14725000,0.17500000,0.22500000,232.03324015
0.14725000,0.17500000,0.25000000,143.44957871
0.14725000,0.17500000,0.27500000,126.04466867
0.14725000,0.17500000,0.30000000,122.66291934
0.14725000,0.20000000,0.00000000,121.81579294
0.14725000,0.20000000,0.02500000,124.46032029
0.14725000,0.20000000,0.05000000,138.30222668
0.14725000,0.20000000,0.07500000,213.10785795
0.14725000,0.20000000,0.10000000,928.72830229
0.14725000,0.20000000,0.12500000,1002.60188721
0.14725000,0.20000000,0.15000000,1013.03478686
0.14725000,0.20000000,0.17500000,1002.60188721
0.14725000,0.20000000,0.20000000,928.72830229
0.14725000,0.20000000,0.22500000,213.10785795
0.14725000,0.20000000,0.25000000,138.30222668
0.14725000,0.20000000,0.27500000,124.46032029
0.14725000,0.20000000,0.30000000,121.81579294
0.14725000,0.22500000,0.00000000,120.62115690
0.14725000,0.22500000,0.02500000,122.00386927
0.14725000,0.22500000,0.05000000,127.98636869
0.14725000,0.22500000,0.07500000,147.46804495
0.14725000,0.22500000,0.10000000,213.10785795
0.14725000,0.22500000,0.12500000,232.03324015
0.14725000,0.22500000,0.15000000,236.18099937
0.14725000,0.22500000,0.17500000,232.03324015
0.14725000,0.22500000,0.20000000,213.10785795
0.14725000,0.22500000,0.22500000,147.46804495
0.14725000,0.22500000,0.25000000,127.98636869
0.14725000,0.22500000,0.27500000,122.00386927
0.14725000,0.22500000,0.30000000,120.62115690
0.14725000,0.25000000,0.00000000,119.68960000
0.14725000,0.25000000,0.02500000,120.29154778
0.14725000,0.25000000,0.05000000,122.56352333
0.14725000,0.25000000,0.07500000,127.98636869
0.14725000,0.25000000,0.10000000,138.30222668
0.14725000,0.25000000,0.12500000,143.44957871
0.14725000,0.25000000,0.15000000,144.89811612
0.14725000,0.25000000,0.17500000,143.44957871
0.14725000,0.25000000,0.20000000,138.30222668
0.14725000,0.25000000,0.22500000,127.98636869
0.14725000,0.25000000,0.25000000,122.56352333
0.14725000,0.25000000,0.27500000,120.29154778
0.14725000,0.25000000,0.30000000,119.68960000
0.14725000,0.27500000,0.00000000,119.17691374
0.14725000,0.27500000,0.02500000,119.42778235
0.14725000,0.27500000,0.05000000,120.29154778
0.14725000,0.27500000,0.07500000,122.00386927
0.14725000,0.27500000,0.10000000,124.46032029
0.14725000,0.27500000,0.12500000,126.04466867
0.14725000,0.27500000,0.15000000,126.55568828
0.14725000,0.27500000,0.17500000,126.04466867
0.14725000,0.27500000,0.20000000,124.46032029
0.14725000,0.27500000,0.22500000,122.00386927
0.14725000,0.27500000,0.25000000,120.29154778
0.14725000,0.27500000,0.27500000,119.42778235
0.14725000,0.27500000,0.30000000,119.17691374
0.14725000,0.30000000,0.00000000,119.02107029
0.14725000,0.30000000,0.02500000,119.17691374
0.14725000,0.30000000,0.05000000,119.68960000
0.14725000,0.30000000,0.07500000,120.62115690
0.14725000,0.30000000,0.10000000,121.81579294
0.14725000,0.30000000,0.12500000,122.66291934
0.14725000,0.30000000,0.15000000,122.95292891
0.14725000,0.30000000,0.17500000,122.66291934
0.14725000,0.30000000,0.20000000,121.81579294
0.14725000,0.30000000,0.22500000,120.62115690
0.14725000,0.30000000,0.25000000,119.68960000
0.14725000,0.30000000,0.27500000,119.17691374
0.14725000,0.30000000,0.30000000,119.02107029
0.15500000,0.00000000,0.00000000,100.00000000
0.15500000,0.00000000,0.02500000,100.00000000
0.15500000,0.00000000,0.05000000,100.00000000
0.15500000,0.00000000,0.07500000,100.00000000
0.15500000,0.00000000,0.10000000,100.00000000
0.15500000,0.00000000,0.12500000,100.00000000
0.15500000,0.00000000,0.15000000,100.00000000
0.15500000,0.00000000,0.17500000,100.00000000
0.15500000,0.00000000,0.20000000,100.00000000
0.15500000,0.00000000,0.22500000,100.00000000
0.15500000,0.00000000,0.25000000,100.00000000
0.15500000,0.00000000,0.27500000,100.00000000
0.15500000,0.00000000,0.30000000,100.00000000
0.15500000,0.02500000,0.00000000,100.00000000
0.15500000,0.02500000,0.02500000,100.00000000
0.15500000,0.02500000,0.05000000,100.00000000
0.15500000,0.02500000,0.07500000,100.00000000
0.15500000,0.02500000,0.10000000,100.00000000
0.15500000,0.02500000,0.12500000,100.00000000
0.15500000,0.02500000,0.15000000,100.00000000
0.15500000,0.02500000,0.17500000,100.00000000
0.15500000,0.02500000,0.20000000,100.00000000
0.15500000,0.02500000,0.22500000,100.00000000
0.15500000,0.02500000,0.25000000,100.00000000
0.15500000,0.02500000,0.27500000,100.00000000
0.15500000,0.02500000,0.30000000,100.00000000
0.15500000,0.05000000,0.00000000,100.00000000
0.15500000,0.05000000,0.02500000,100.00000000
0.15500000,0.05000000,0.05000000,100.00000000
0.15500000,0.05000000,0.07500000,100.00000000
0.15500000,0.05000000,0.10000000,100.00000000
0.15500000,0.05000000,0.12500000,100.00000000
0.15500000,0.05000000,0.15000000,100.00000000
0.15500000,0.05000000,0.17500000,100.00000000
0.15500000,0.05000000,0.20000000,100.00000000
0.15500000,0.05000000,0.22500000,100.00000000
0.15500000,0.05000000,0.25000000,100.00000000
0.15500000,0.05000000,0.27500000,100.00000000
0.15500000,0.05000000,0.30000000,100.00000000
0.15500000,0.07500000,0.00000000,100.00000000
0.15500000,0.07500000,0.02500000,100.00000000
0.15500000,0.07500000,0.05000000,100.00000000
0.15500000,0.07500000,0.07500000,100.00000000
0.15500000,0.07500000,0.10000000,100.00000000
0.15500000,0.07500000,0.12500000,100.00000000
0.15500000,0.07500000,0.15000000,100.00000000
0.15500000,0.07500000,0.17500000,100.00000000
0.15500000,0.07500000,0.20000000,100.00000000
0.15500000,0.07500000,0.22500000,100.00000000
0.15500000,0.07500000,0.25000000,100.00000000
0.15500000,0.07500000,0.27500000,100.00000000
0.15500000,0.07500000,0.30000000,100.00000000
0.15500000,0.10000000,0.00000000,100.00000000
0.15500000,0.10000000,0.02500000,100.00000000
0.15500000,0.10000000,0.05000000,100.00000000
0.15500000,0.10000000,0.07500000,100.00000000
0.15500000,0.10000000,0.10000000,1250.00000000
0.15500000,0.10000000,0.12500000,1250.00000000
0.15500000,0.10000000,0.15000000,1250.00000000
0.15500000,0.10000000,0.17500000,1250.00000000
0.15500000,0.10000000,0.20000000,1250.00000000
0.15500000,0.10000000,0.22500000,100.00000000
0.15500000,0.10000000,0.25000000,100.00000000
0.15500000,0.10000000,0.27500000,100.00000000
0.15500000,0.10000000,0.30000000,100.00000000
0.15500000,0.12500000,0.00000000,100.00000000
0.15500000,0.12500000,0.02500000,100.00000000
0.15500000,0.12500000,0.05000000,100.00000000
0.15500000,0.12500000,0.07500000,100.00000000
0.15500000,0.12500000,0.10000000,1250.00000000
0.15500000,0.12500000,0.12500000,1250.00000000
0.15500000,0.12500000,0.15000000,1250.00000000
0.15500000,0.12500000,0.17500000,1250.00000000
0.15500000,0.12500000,0.20000000,1250.00000000
0.15500000,0.12500000,0.22500000,100.00000000
0.15500000,0.12500000,0.25000000,100.00000000
0.15500000,0.12500000,0.27500000,100.00000000
0.15500000,0.12500000,0.30000000,100.00000000
0.15500000,0.15000000,0.00000000,100.00000000
0.15500000,0.15000000,0.02500000,100.00000000
0.15500000,0.15000000,0.05000000,100.00000000
0.15500000,0.15000000,0.07500000,100.00000000
0.15500000,0.15000000,0.10000000,1250.00000000
0.15500000,0.15000000,0.12500000,1250.00000000
0.15500000,0.15000000,0.15000000,1250.00000000
0.15500000,0.15000000,0.17500000,1250.00000000
0.15500000,0.15000000,0.20000000,1250.00000000
0.15500000,0.15000000,0.22500000,100.00000000
0.15500000,0.15000000,0.25000000,100.00000000
0.15500000,0.15000000,0.27500000,100.00000000
0.15500000,0.15000000,0.30000000,100.00000000
0.15500000,0.17500000,0.00000000,100.00000000
0.15500000,0.17500000,0.02500000,100.00000000
0.15500000,0.17500000,0.05000000,100.00000000
0.15500000,0.17500000,0.07500000,100.00000000
0.15500000,0.17500000,0.10000000,1250.00000000
0.15500000,0.17500000,0.12500000,1250.00000000
0.15500000,0.17500000,0.15000000,1250.00000000
0.15500000,0.17500000,0.17500000,1250.00000000
0.15500000,0.17500000,0.20000000,1250.00000000
0.15500000,0.17500000,0.22500000,100.00000000
0.15500000,0.17500000,0.25000000,100.00000000
0.15500000,0.17500000,0.27500000,100.00000000
0.15500000,0.17500000,0.30000000,100.00000000
0.15500000,0.20000000,0.00000000,100.00000000
0.15500000,0.20000000,0.02500000,100.00000000
0.15500000,0.20000000,0.05000000,100.00000000
0.15500000,0.20000000,0.07500000,100.00000000
0.15500000,0.20000000,0.10000000,1250.00000000
0.15500000,0.20000000,0.12500000,1250.00000000
0.15500000,0.20000000,0.15000000,1250.00000000
0.15500000,0.20000000,0.17500000,1250.00000000
0.15500000,0.20000000,0.20000000,1250.00000000
0.15500000,0.20000000,0.22500000,100.00000000
0.15500000,0.20000000,0.25000000,100.00000000
0.15500000,0.20000000,0.27500000,100.00000000
0.15500000,0.20000000,0.30000000,100.00000000
0.15500000,0.22500000,0.00000000,100.00000000
0.15500000,0.22500000,0.02500000,100.00000000
0.15500000,0.22500000,0.05000000,100.00000000
0.15500000,0.22500000,0.07500000,100.00000000
0.15500000,0.22500000,0.10000000,100.00000000
0.15500000,0.22500000,0.12500000,100.00000000
0.15500000,0.22500000,0.15000000,100.00000000
0.15500000,0.22500000,0.17500000,100.00000000
0.15500000,0.22500000,0.20000000,100.00000000
0.15500000,0.22500000,0.22500000,100.00000000
0.15500000,0.22500000,0.25000000,100.00000000
0.15500000,0.22500000,0.27500000,100.00000000
0.15500000,0.22500000,0.30000000,100.00000000
0.15500000,0.25000000,0.00000000,100.00000000
0.15500000,0.25000000,0.02500000,100.00000000
0.15500000,0.25000000,0.05000000,100.00000000
0.15500000,0.25000000,0.07500000,100.00000000
0.15500000,0.25000000,0.10000000,100.00000000
0.15500000,0.25000000,0.12500000,100.00000000
0.15500000,0.25000000,0.15000000,100.00000000
0.15500000,0.25000000,0.17500000,100.00000000
0.15500000,0.25000000,0.20000000,100.00000000
0.15500000,0.25000000,0.22500000,100.00000000
0.15500000,0.25000000,0.25000000,100.00000000
0.15500000,0.25000000,0.27500000,100.00000000
0.15500000,0.25000000,0.30000000,100.00000000
0.15500000,0.27500000,0.00000000,100.00000000
0.15500000,0.27500000,0.02500000,100.00000000
0.15500000,0.27500000,0.05000000,100.00000000
0.15500000,0.27500000,0.07500000,100.00000000
0.15500000,0.27500000,0.10000000,100.00000000
0.15500000,0.27500000,0.12500000,100.00000000
0.15500000,0.27500000,0.15000000,100.00000000
0.15500000,0.27500000,0.17500000,100.00000000
0.15500000,0.27500000,0.20000000,100.00000000
0.15500000,0.27500000,0.22500000,100.00000000
0.15500000,0.27500000,0.25000000,100.00000000
0.15500000,0.27500000,0.27500000,100.00000000
0.15500000,0.27500000,0.30000000,100.00000000
0.15500000,0.30000000,0.00000000,100.00000000
0.15500000,0.30000000,0.02500000,100.00000000
0.15500000,0.30000000,0.05000000,100.00000000
0.15500000,0.30000000,0.07500000,100.00000000
0.15500000,0.30000000,0.10000000,100.00000000
0.15500000,0.30000000,0.12500000,100.00000000
0.15500000,0.30000000,0.15000000,100.00000000
0.15500000,0.30000000,0.17500000,100.00000000
0.15500000,0.30000000,0.20000000,100.00000000
0.15500000,0.30000000,0.22500000,100.00000000
0.15500000,0.30000000,0.25000000,100.00000000
0.15500000,0.30000000,0.27500000,100.00000000
0.15500000,0.30000000,0.30000000,100.00000000
